Name,Sold,Refunded,Gross Sales,Discounts,Refunds,Net Sales,% Net Sales,Avg Net Sales,COGS,Day of Week,Weekend,Week of Month,Day Temperature Cel,Gross Profit,Date
carne asada quesadilla,0,0,0,0,0,0,0,0,0,1,0,1,21,0,2019-10-1
carne asada quesadilla,0,0,0,0,0,0,0,0,0,2,0,4,32,0,2019-10-23
carne asada quesadilla,0,0,0,0,0,0,0,0,0,1,0,4,32,0,2019-10-22
carne asada quesadilla,0,0,0,0,0,0,0,0,0,1,0,5,21,0,2019-10-29
carne asada quesadilla,0,0,0,0,0,0,0,0,0,0,0,4,20,0,2019-10-28
carne asada quesadilla,0,0,0,0,0,0,0,0,0,3,0,3,25,0,2019-10-17
carne asada quesadilla,0,0,0,0,0,0,0,0,0,2,0,3,29,0,2019-10-16
carne asada quesadilla,0,0,0,0,0,0,0,0,0,3,0,4,31,0,2019-10-24
carne asada quesadilla,0,0,0,0,0,0,0,0,0,4,0,4,31,0,2019-10-25
carne asada quesadilla,0,0,0,0,0,0,0,0,0,3,0,2,24,0,2019-10-10
carne asada quesadilla,0,0,0,0,0,0,0,0,0,4,0,2,27,0,2019-10-11
carne asada quesadilla,0,0,0,0,0,0,0,0,0,0,0,1,32,0,2019-10-7
carne asada quesadilla,0,0,0,0,0,0,0,0,0,6,0,1,32,0,2019-10-6
carne asada quesadilla,0,0,0,0,0,0,0,0,0,0,0,2,22,0,2019-10-14
carne asada quesadilla,0,0,0,0,0,0,0,0,0,1,0,3,29,0,2019-10-15
carne asada quesadilla,0,0,0,0,0,0,0,0,0,6,0,3,27,0,2019-10-20
carne asada quesadilla,0,0,0,0,0,0,0,0,0,0,0,3,31,0,2019-10-21
carne asada quesadilla,0,0,0,0,0,0,0,0,0,3,0,1,27,0,2019-10-3
carne asada quesadilla,0,0,0,0,0,0,0,0,0,2,0,1,27,0,2019-10-2
carne asada quesadilla,0,0,0,0,0,0,0,0,0,2,0,2,25,0,2019-10-9
carne asada quesadilla,0,0,0,0,0,0,0,0,0,1,0,2,29,0,2019-10-8
carne asada quesadilla,0,0,0,0,0,0,0,0,0,4,0,1,26,0,2019-10-4
carne asada quesadilla,0,0,0,0,0,0,0,0,0,5,1,1,30,0,2019-10-5
carne asada quesadilla,0,0,0,0,0,0,0,0,0,2,0,5,18,0,2019-10-30
carne asada quesadilla,0,0,0,0,0,0,0,0,0,3,0,5,20,0,2019-10-31
carne asada quesadilla,0,0,0,0,0,0,0,0,0,6,0,2,26,0,2019-10-13
carne asada quesadilla,0,0,0,0,0,0,0,0,0,5,1,2,28,0,2019-10-12
carne asada quesadilla,0,0,0,0,0,0,0,0,0,6,0,4,22,0,2019-10-27
carne asada quesadilla,0,0,0,0,0,0,0,0,0,5,1,4,30,0,2019-10-26
carne asada quesadilla,0,0,0,0,0,0,0,0,0,5,1,3,26,0,2019-10-19
carne asada quesadilla,0,0,0,0,0,0,0,0,0,4,0,3,23,0,2019-10-18
carne asada quesadilla,0,0,0,0,0,0,0,0,0,3,0,1,15,0,2019-12-5
carne asada quesadilla,0,0,0,0,0,0,0,0,0,2,0,1,11,0,2019-12-4
carne asada quesadilla,0,0,0,0,0,0,0,0,0,1,0,5,15,0,2019-12-31
carne asada quesadilla,0,0,0,0,0,0,0,0,0,0,0,5,11,0,2019-12-30
carne asada quesadilla,0,0,0,0,0,0,0,0,0,3,0,2,19,0,2019-12-12
carne asada quesadilla,0,0,0,0,0,0,0,0,0,4,0,2,22,0,2019-12-13
carne asada quesadilla,0,0,0,0,0,0,0,0,0,3,0,4,6,0,2019-12-26
carne asada quesadilla,0,0,0,0,0,0,0,0,0,4,0,4,11,0,2019-12-27
carne asada quesadilla,0,0,0,0,0,0,0,0,0,2,0,3,12,0,2019-12-18
carne asada quesadilla,0,0,0,0,0,0,0,0,0,3,0,3,15,0,2019-12-19
carne asada quesadilla,0,0,0,0,0,0,0,0,0,6,0,3,14,0,2019-12-15
carne asada quesadilla,0,0,0,0,0,0,0,0,0,5,1,2,15,0,2019-12-14
carne asada quesadilla,0,0,0,0,0,0,0,0,0,5,1,3,18,0,2019-12-21
carne asada quesadilla,0,0,0,0,0,0,0,0,0,4,0,3,17,0,2019-12-20
carne asada quesadilla,0,0,0,0,0,0,0,0,0,0,0,1,17,0,2019-12-2
carne asada quesadilla,0,0,0,0,0,0,0,0,0,1,0,1,18,0,2019-12-3
carne asada quesadilla,0,0,0,0,0,0,0,0,0,6,0,2,15,0,2019-12-8
carne asada quesadilla,0,0,0,0,0,0,0,0,0,0,0,2,16,0,2019-12-9
carne asada quesadilla,0,0,0,0,0,0,0,0,0,2,0,4,9,0,2019-12-25
carne asada quesadilla,0,0,0,0,0,0,0,0,0,1,0,4,12,0,2019-12-24
carne asada quesadilla,0,0,0,0,0,0,0,0,0,2,0,2,18,0,2019-12-11
carne asada quesadilla,0,0,0,0,0,0,0,0,0,1,0,2,16,0,2019-12-10
carne asada quesadilla,0,0,0,0,0,0,0,0,0,4,0,1,18,0,2019-12-6
carne asada quesadilla,0,0,0,0,0,0,0,0,0,5,1,1,16,0,2019-12-7
carne asada quesadilla,0,0,0,0,0,0,0,0,0,6,0,1,14,0,2019-12-1
carne asada quesadilla,0,0,0,0,0,0,0,0,0,6,0,4,17,0,2019-12-22
carne asada quesadilla,0,0,0,0,0,0,0,0,0,0,0,4,9,0,2019-12-23
carne asada quesadilla,1.0,0.0,10.95,0.0,-0.0,10.95,0.63,10.95,0.0,5,1,4,13,0.0,2019-12-28
carne asada quesadilla,0,0,0,0,0,0,0,0,0,6,0,5,12,0,2019-12-29
carne asada quesadilla,0,0,0,0,0,0,0,0,0,0,0,3,15,0,2019-12-16
carne asada quesadilla,0,0,0,0,0,0,0,0,0,1,0,3,12,0,2019-12-17
carne asada quesadilla,0,0,0,0,0,0,0,0,0,1,0,1,9,0,2020-2-4
carne asada quesadilla,0,0,0,0,0,0,0,0,0,2,0,1,12,0,2020-2-5
carne asada quesadilla,0,0,0,0,0,0,0,0,0,2,0,3,19,0,2020-2-19
carne asada quesadilla,0,0,0,0,0,0,0,0,0,1,0,3,19,0,2020-2-18
carne asada quesadilla,0,0,0,0,0,0,0,0,0,3,0,4,24,0,2020-2-27
carne asada quesadilla,0,0,0,0,0,0,0,0,0,2,0,4,21,0,2020-2-26
carne asada quesadilla,0,0,0,0,0,0,0,0,0,3,0,2,17,0,2020-2-13
carne asada quesadilla,0,0,0,0,0,0,0,0,0,2,0,2,15,0,2020-2-12
carne asada quesadilla,0,0,0,0,0,0,0,0,0,3,0,3,23,0,2020-2-20
carne asada quesadilla,0,0,0,0,0,0,0,0,0,4,0,3,24,0,2020-2-21
carne asada quesadilla,0,0,0,0,0,0,0,0,0,4,0,2,18,0,2020-2-14
carne asada quesadilla,0,0,0,0,0,0,0,0,0,5,1,3,18,0,2020-2-15
carne asada quesadilla,0,0,0,0,0,0,0,0,0,6,0,2,10,0,2020-2-9
carne asada quesadilla,0,0,0,0,0,0,0,0,0,5,1,2,20,0,2020-2-8
carne asada quesadilla,0,0,0,0,0,0,0,0,0,0,0,1,11,0,2020-2-3
carne asada quesadilla,0,0,0,0,0,0,0,0,0,6,0,1,21,0,2020-2-2
carne asada quesadilla,0,0,0,0,0,0,0,0,0,0,0,2,13,0,2020-2-10
carne asada quesadilla,0,0,0,0,0,0,0,0,0,1,0,2,16,0,2020-2-11
carne asada quesadilla,0,0,0,0,0,0,0,0,0,0,0,4,20,0,2020-2-24
carne asada quesadilla,0,0,0,0,0,0,0,0,0,1,0,4,25,0,2020-2-25
carne asada quesadilla,0,0,0,0,0,0,0,0,0,4,0,1,19,0,2020-2-7
carne asada quesadilla,0,0,0,0,0,0,0,0,0,3,0,1,14,0,2020-2-6
carne asada quesadilla,0,0,0,0,0,0,0,0,0,5,1,1,24,0,2020-2-1
carne asada quesadilla,0,0,0,0,0,0,0,0,0,0,0,3,19,0,2020-2-17
carne asada quesadilla,0,0,0,0,0,0,0,0,0,6,0,3,20,0,2020-2-16
carne asada quesadilla,0,0,0,0,0,0,0,0,0,5,1,5,19,0,2020-2-29
carne asada quesadilla,0,0,0,0,0,0,0,0,0,4,0,4,23,0,2020-2-28
carne asada quesadilla,0,0,0,0,0,0,0,0,0,6,0,4,14,0,2020-2-23
carne asada quesadilla,0,0,0,0,0,0,0,0,0,5,1,4,14,0,2020-2-22
carne asada quesadilla,0,0,0,0,0,0,0,0,0,4,0,1,19,0,2020-1-3
carne asada quesadilla,0,0,0,0,0,0,0,0,0,3,0,1,17,0,2020-1-2
carne asada quesadilla,0,0,0,0,0,0,0,0,0,3,0,2,11,0,2020-1-9
carne asada quesadilla,0,0,0,0,0,0,0,0,0,2,0,2,15,0,2020-1-8
carne asada quesadilla,0,0,0,0,0,0,0,0,0,1,0,2,15,0,2020-1-14
carne asada quesadilla,0,0,0,0,0,0,0,0,0,2,0,3,15,0,2020-1-15
carne asada quesadilla,0,0,0,0,0,0,0,0,0,0,0,3,17,0,2020-1-20
carne asada quesadilla,0,0,0,0,0,0,0,0,0,1,0,3,11,0,2020-1-21
carne asada quesadilla,0,0,0,0,0,0,0,0,0,0,0,2,13,0,2020-1-13
carne asada quesadilla,0,0,0,0,0,0,0,0,0,6,0,2,15,0,2020-1-12
carne asada quesadilla,0,0,0,0,0,0,0,0,0,0,0,4,19,0,2020-1-27
carne asada quesadilla,0,0,0,0,0,0,0,0,0,6,0,4,19,0,2020-1-26
carne asada quesadilla,0,0,0,0,0,0,0,0,0,6,0,3,19,0,2020-1-19
carne asada quesadilla,0,0,0,0,0,0,0,0,0,5,1,3,17,0,2020-1-18
carne asada quesadilla,0,0,0,0,0,0,0,0,0,5,1,1,18,0,2020-1-4
carne asada quesadilla,0,0,0,0,0,0,0,0,0,6,0,1,17,0,2020-1-5
carne asada quesadilla,0,0,0,0,0,0,0,0,0,3,0,5,18,0,2020-1-30
carne asada quesadilla,0,0,0,0,0,0,0,0,0,4,0,5,21,0,2020-1-31
carne asada quesadilla,0,0,0,0,0,0,0,0,0,3,0,4,19,0,2020-1-23
carne asada quesadilla,0,0,0,0,0,0,0,0,0,2,0,4,14,0,2020-1-22
carne asada quesadilla,0,0,0,0,0,0,0,0,0,2,0,5,17,0,2020-1-29
carne asada quesadilla,0,0,0,0,0,0,0,0,0,1,0,4,21,0,2020-1-28
carne asada quesadilla,0,0,0,0,0,0,0,0,0,4,0,3,12,0,2020-1-17
carne asada quesadilla,0,0,0,0,0,0,0,0,0,3,0,3,14,0,2020-1-16
carne asada quesadilla,0,0,0,0,0,0,0,0,0,2,0,1,16,0,2020-1-1
carne asada quesadilla,0,0,0,0,0,0,0,0,0,1,0,1,19,0,2020-1-7
carne asada quesadilla,0,0,0,0,0,0,0,0,0,0,0,1,19,0,2020-1-6
carne asada quesadilla,0,0,0,0,0,0,0,0,0,4,0,4,21,0,2020-1-24
carne asada quesadilla,0,0,0,0,0,0,0,0,0,5,1,4,22,0,2020-1-25
carne asada quesadilla,0,0,0,0,0,0,0,0,0,4,0,2,15,0,2020-1-10
carne asada quesadilla,0,0,0,0,0,0,0,0,0,5,1,2,16,0,2020-1-11
