Name,Sold,Refunded,Gross Sales,Discounts,Refunds,Net Sales,% Net Sales,Avg Net Sales,COGS,Day of Week,Weekend,Week of Month,Day Temperature Cel,Gross Profit,Date
Champagne with Sunday Brunch,0,0,0,0,0,0,0,0,0,1,0,1,21,0,2019-10-1
Champagne with Sunday Brunch,0,0,0,0,0,0,0,0,0,2,0,4,32,0,2019-10-23
Champagne with Sunday Brunch,0,0,0,0,0,0,0,0,0,1,0,4,32,0,2019-10-22
Champagne with Sunday Brunch,0,0,0,0,0,0,0,0,0,1,0,5,21,0,2019-10-29
Champagne with Sunday Brunch,0,0,0,0,0,0,0,0,0,0,0,4,20,0,2019-10-28
Champagne with Sunday Brunch,0,0,0,0,0,0,0,0,0,3,0,3,25,0,2019-10-17
Champagne with Sunday Brunch,0,0,0,0,0,0,0,0,0,2,0,3,29,0,2019-10-16
Champagne with Sunday Brunch,0,0,0,0,0,0,0,0,0,3,0,4,31,0,2019-10-24
Champagne with Sunday Brunch,0,0,0,0,0,0,0,0,0,4,0,4,31,0,2019-10-25
Champagne with Sunday Brunch,0,0,0,0,0,0,0,0,0,3,0,2,24,0,2019-10-10
Champagne with Sunday Brunch,0,0,0,0,0,0,0,0,0,4,0,2,27,0,2019-10-11
Champagne with Sunday Brunch,0,0,0,0,0,0,0,0,0,0,0,1,32,0,2019-10-7
Champagne with Sunday Brunch,0,0,0,0,0,0,0,0,0,6,0,1,32,0,2019-10-6
Champagne with Sunday Brunch,0,0,0,0,0,0,0,0,0,0,0,2,22,0,2019-10-14
Champagne with Sunday Brunch,0,0,0,0,0,0,0,0,0,1,0,3,29,0,2019-10-15
Champagne with Sunday Brunch,1.0,0.0,5.0,0.0,-0.0,5.0,0.15,5.0,0.0,6,0,3,27,5.0,2019-10-20
Champagne with Sunday Brunch,0,0,0,0,0,0,0,0,0,0,0,3,31,0,2019-10-21
Champagne with Sunday Brunch,0,0,0,0,0,0,0,0,0,3,0,1,27,0,2019-10-3
Champagne with Sunday Brunch,0,0,0,0,0,0,0,0,0,2,0,1,27,0,2019-10-2
Champagne with Sunday Brunch,0,0,0,0,0,0,0,0,0,2,0,2,25,0,2019-10-9
Champagne with Sunday Brunch,0,0,0,0,0,0,0,0,0,1,0,2,29,0,2019-10-8
Champagne with Sunday Brunch,0,0,0,0,0,0,0,0,0,4,0,1,26,0,2019-10-4
Champagne with Sunday Brunch,0,0,0,0,0,0,0,0,0,5,1,1,30,0,2019-10-5
Champagne with Sunday Brunch,0,0,0,0,0,0,0,0,0,2,0,5,18,0,2019-10-30
Champagne with Sunday Brunch,0,0,0,0,0,0,0,0,0,3,0,5,20,0,2019-10-31
Champagne with Sunday Brunch,2.0,0.0,10.0,0.0,-0.0,10.0,0.35,5.0,0.0,6,0,2,26,10.0,2019-10-13
Champagne with Sunday Brunch,0,0,0,0,0,0,0,0,0,5,1,2,28,0,2019-10-12
Champagne with Sunday Brunch,3.0,0.0,15.0,0.0,-0.0,15.0,0.43,5.0,0.0,6,0,4,22,15.0,2019-10-27
Champagne with Sunday Brunch,0,0,0,0,0,0,0,0,0,5,1,4,30,0,2019-10-26
Champagne with Sunday Brunch,0,0,0,0,0,0,0,0,0,5,1,3,26,0,2019-10-19
Champagne with Sunday Brunch,0,0,0,0,0,0,0,0,0,4,0,3,23,0,2019-10-18
Champagne with Sunday Brunch,0,0,0,0,0,0,0,0,0,3,0,1,15,0,2019-12-5
Champagne with Sunday Brunch,0,0,0,0,0,0,0,0,0,2,0,1,11,0,2019-12-4
Champagne with Sunday Brunch,0,0,0,0,0,0,0,0,0,1,0,5,15,0,2019-12-31
Champagne with Sunday Brunch,0,0,0,0,0,0,0,0,0,0,0,5,11,0,2019-12-30
Champagne with Sunday Brunch,0,0,0,0,0,0,0,0,0,3,0,2,19,0,2019-12-12
Champagne with Sunday Brunch,0,0,0,0,0,0,0,0,0,4,0,2,22,0,2019-12-13
Champagne with Sunday Brunch,0,0,0,0,0,0,0,0,0,3,0,4,6,0,2019-12-26
Champagne with Sunday Brunch,0,0,0,0,0,0,0,0,0,4,0,4,11,0,2019-12-27
Champagne with Sunday Brunch,0,0,0,0,0,0,0,0,0,2,0,3,12,0,2019-12-18
Champagne with Sunday Brunch,0,0,0,0,0,0,0,0,0,3,0,3,15,0,2019-12-19
Champagne with Sunday Brunch,4.0,0.0,20.0,0.0,-0.0,20.0,1.02,5.0,0.0,6,0,3,14,20.0,2019-12-15
Champagne with Sunday Brunch,0,0,0,0,0,0,0,0,0,5,1,2,15,0,2019-12-14
Champagne with Sunday Brunch,0,0,0,0,0,0,0,0,0,5,1,3,18,0,2019-12-21
Champagne with Sunday Brunch,0,0,0,0,0,0,0,0,0,4,0,3,17,0,2019-12-20
Champagne with Sunday Brunch,0,0,0,0,0,0,0,0,0,0,0,1,17,0,2019-12-2
Champagne with Sunday Brunch,0,0,0,0,0,0,0,0,0,1,0,1,18,0,2019-12-3
Champagne with Sunday Brunch,7.0,0.0,35.0,0.0,-0.0,35.0,0.95,5.0,0.0,6,0,2,15,35.0,2019-12-8
Champagne with Sunday Brunch,0,0,0,0,0,0,0,0,0,0,0,2,16,0,2019-12-9
Champagne with Sunday Brunch,0,0,0,0,0,0,0,0,0,2,0,4,9,0,2019-12-25
Champagne with Sunday Brunch,0,0,0,0,0,0,0,0,0,1,0,4,12,0,2019-12-24
Champagne with Sunday Brunch,0,0,0,0,0,0,0,0,0,2,0,2,18,0,2019-12-11
Champagne with Sunday Brunch,0,0,0,0,0,0,0,0,0,1,0,2,16,0,2019-12-10
Champagne with Sunday Brunch,0,0,0,0,0,0,0,0,0,4,0,1,18,0,2019-12-6
Champagne with Sunday Brunch,0,0,0,0,0,0,0,0,0,5,1,1,16,0,2019-12-7
Champagne with Sunday Brunch,7.0,0.0,35.0,0.0,-0.0,35.0,1.33,5.0,0.0,6,0,1,14,35.0,2019-12-1
Champagne with Sunday Brunch,2.0,0.0,10.0,0.0,-0.0,10.0,0.31,5.0,0.0,6,0,4,17,10.0,2019-12-22
Champagne with Sunday Brunch,0,0,0,0,0,0,0,0,0,0,0,4,9,0,2019-12-23
Champagne with Sunday Brunch,0,0,0,0,0,0,0,0,0,5,1,4,13,0,2019-12-28
Champagne with Sunday Brunch,1.0,0.0,5.0,0.0,-0.0,5.0,0.3,5.0,0.0,6,0,5,12,5.0,2019-12-29
Champagne with Sunday Brunch,0,0,0,0,0,0,0,0,0,0,0,3,15,0,2019-12-16
Champagne with Sunday Brunch,0,0,0,0,0,0,0,0,0,1,0,3,12,0,2019-12-17
Champagne with Sunday Brunch,0,0,0,0,0,0,0,0,0,1,0,1,9,0,2020-2-4
Champagne with Sunday Brunch,0,0,0,0,0,0,0,0,0,2,0,1,12,0,2020-2-5
Champagne with Sunday Brunch,0,0,0,0,0,0,0,0,0,2,0,3,19,0,2020-2-19
Champagne with Sunday Brunch,0,0,0,0,0,0,0,0,0,1,0,3,19,0,2020-2-18
Champagne with Sunday Brunch,0,0,0,0,0,0,0,0,0,3,0,4,24,0,2020-2-27
Champagne with Sunday Brunch,0,0,0,0,0,0,0,0,0,2,0,4,21,0,2020-2-26
Champagne with Sunday Brunch,0,0,0,0,0,0,0,0,0,3,0,2,17,0,2020-2-13
Champagne with Sunday Brunch,0,0,0,0,0,0,0,0,0,2,0,2,15,0,2020-2-12
Champagne with Sunday Brunch,0,0,0,0,0,0,0,0,0,3,0,3,23,0,2020-2-20
Champagne with Sunday Brunch,0,0,0,0,0,0,0,0,0,4,0,3,24,0,2020-2-21
Champagne with Sunday Brunch,0,0,0,0,0,0,0,0,0,4,0,2,18,0,2020-2-14
Champagne with Sunday Brunch,0,0,0,0,0,0,0,0,0,5,1,3,18,0,2020-2-15
Champagne with Sunday Brunch,0,0,0,0,0,0,0,0,0,6,0,2,10,0,2020-2-9
Champagne with Sunday Brunch,0,0,0,0,0,0,0,0,0,5,1,2,20,0,2020-2-8
Champagne with Sunday Brunch,0,0,0,0,0,0,0,0,0,0,0,1,11,0,2020-2-3
Champagne with Sunday Brunch,1.0,0.0,5.0,0.0,-0.0,5.0,0.24,5.0,0.0,6,0,1,21,5.0,2020-2-2
Champagne with Sunday Brunch,0,0,0,0,0,0,0,0,0,0,0,2,13,0,2020-2-10
Champagne with Sunday Brunch,0,0,0,0,0,0,0,0,0,1,0,2,16,0,2020-2-11
Champagne with Sunday Brunch,0,0,0,0,0,0,0,0,0,0,0,4,20,0,2020-2-24
Champagne with Sunday Brunch,0,0,0,0,0,0,0,0,0,1,0,4,25,0,2020-2-25
Champagne with Sunday Brunch,0,0,0,0,0,0,0,0,0,4,0,1,19,0,2020-2-7
Champagne with Sunday Brunch,0,0,0,0,0,0,0,0,0,3,0,1,14,0,2020-2-6
Champagne with Sunday Brunch,0,0,0,0,0,0,0,0,0,5,1,1,24,0,2020-2-1
Champagne with Sunday Brunch,0,0,0,0,0,0,0,0,0,0,0,3,19,0,2020-2-17
Champagne with Sunday Brunch,1.0,0.0,5.0,0.0,-0.0,5.0,0.17,5.0,0.0,6,0,3,20,5.0,2020-2-16
Champagne with Sunday Brunch,0,0,0,0,0,0,0,0,0,5,1,5,19,0,2020-2-29
Champagne with Sunday Brunch,0,0,0,0,0,0,0,0,0,4,0,4,23,0,2020-2-28
Champagne with Sunday Brunch,3.0,0.0,15.0,0.0,-0.0,15.0,0.39,5.0,0.0,6,0,4,14,15.0,2020-2-23
Champagne with Sunday Brunch,0,0,0,0,0,0,0,0,0,5,1,4,14,0,2020-2-22
Champagne with Sunday Brunch,0,0,0,0,0,0,0,0,0,4,0,1,19,0,2020-1-3
Champagne with Sunday Brunch,0,0,0,0,0,0,0,0,0,3,0,1,17,0,2020-1-2
Champagne with Sunday Brunch,0,0,0,0,0,0,0,0,0,3,0,2,11,0,2020-1-9
Champagne with Sunday Brunch,0,0,0,0,0,0,0,0,0,2,0,2,15,0,2020-1-8
Champagne with Sunday Brunch,0,0,0,0,0,0,0,0,0,1,0,2,15,0,2020-1-14
Champagne with Sunday Brunch,0,0,0,0,0,0,0,0,0,2,0,3,15,0,2020-1-15
Champagne with Sunday Brunch,0,0,0,0,0,0,0,0,0,0,0,3,17,0,2020-1-20
Champagne with Sunday Brunch,0,0,0,0,0,0,0,0,0,1,0,3,11,0,2020-1-21
Champagne with Sunday Brunch,0,0,0,0,0,0,0,0,0,0,0,2,13,0,2020-1-13
Champagne with Sunday Brunch,7.0,0.0,35.0,0.0,-0.0,35.0,1.19,5.0,0.0,6,0,2,15,35.0,2020-1-12
Champagne with Sunday Brunch,0,0,0,0,0,0,0,0,0,0,0,4,19,0,2020-1-27
Champagne with Sunday Brunch,1.0,0.0,5.0,0.0,-0.0,5.0,0.17,5.0,0.0,6,0,4,19,5.0,2020-1-26
Champagne with Sunday Brunch,0,0,0,0,0,0,0,0,0,6,0,3,19,0,2020-1-19
Champagne with Sunday Brunch,0,0,0,0,0,0,0,0,0,5,1,3,17,0,2020-1-18
Champagne with Sunday Brunch,0,0,0,0,0,0,0,0,0,5,1,1,18,0,2020-1-4
Champagne with Sunday Brunch,0,0,0,0,0,0,0,0,0,6,0,1,17,0,2020-1-5
Champagne with Sunday Brunch,0,0,0,0,0,0,0,0,0,3,0,5,18,0,2020-1-30
Champagne with Sunday Brunch,0,0,0,0,0,0,0,0,0,4,0,5,21,0,2020-1-31
Champagne with Sunday Brunch,0,0,0,0,0,0,0,0,0,3,0,4,19,0,2020-1-23
Champagne with Sunday Brunch,0,0,0,0,0,0,0,0,0,2,0,4,14,0,2020-1-22
Champagne with Sunday Brunch,0,0,0,0,0,0,0,0,0,2,0,5,17,0,2020-1-29
Champagne with Sunday Brunch,0,0,0,0,0,0,0,0,0,1,0,4,21,0,2020-1-28
Champagne with Sunday Brunch,0,0,0,0,0,0,0,0,0,4,0,3,12,0,2020-1-17
Champagne with Sunday Brunch,0,0,0,0,0,0,0,0,0,3,0,3,14,0,2020-1-16
Champagne with Sunday Brunch,0,0,0,0,0,0,0,0,0,2,0,1,16,0,2020-1-1
Champagne with Sunday Brunch,0,0,0,0,0,0,0,0,0,1,0,1,19,0,2020-1-7
Champagne with Sunday Brunch,0,0,0,0,0,0,0,0,0,0,0,1,19,0,2020-1-6
Champagne with Sunday Brunch,0,0,0,0,0,0,0,0,0,4,0,4,21,0,2020-1-24
Champagne with Sunday Brunch,0,0,0,0,0,0,0,0,0,5,1,4,22,0,2020-1-25
Champagne with Sunday Brunch,0,0,0,0,0,0,0,0,0,4,0,2,15,0,2020-1-10
Champagne with Sunday Brunch,0,0,0,0,0,0,0,0,0,5,1,2,16,0,2020-1-11
