Name,Sold,Refunded,Gross Sales,Discounts,Refunds,Net Sales,% Net Sales,Avg Net Sales,COGS,Day of Week,Weekend,Week of Month,Day Temperature Cel,Gross Profit,Date
Coronadita Margarita,0,0,0,0,0,0,0,0,0,1,0,1,21,0,2019-10-1
Coronadita Margarita,0,0,0,0,0,0,0,0,0,2,0,4,32,0,2019-10-23
Coronadita Margarita,0,0,0,0,0,0,0,0,0,1,0,4,32,0,2019-10-22
Coronadita Margarita,0,0,0,0,0,0,0,0,0,1,0,5,21,0,2019-10-29
Coronadita Margarita,0,0,0,0,0,0,0,0,0,0,0,4,20,0,2019-10-28
Coronadita Margarita,2.0,0.0,18.0,0.0,-0.0,18.0,0.72,9.0,0.0,3,0,3,25,18.0,2019-10-17
Coronadita Margarita,0,0,0,0,0,0,0,0,0,2,0,3,29,0,2019-10-16
Coronadita Margarita,0,0,0,0,0,0,0,0,0,3,0,4,31,0,2019-10-24
Coronadita Margarita,0,0,0,0,0,0,0,0,0,4,0,4,31,0,2019-10-25
Coronadita Margarita,0,0,0,0,0,0,0,0,0,3,0,2,24,0,2019-10-10
Coronadita Margarita,0,0,0,0,0,0,0,0,0,4,0,2,27,0,2019-10-11
Coronadita Margarita,0,0,0,0,0,0,0,0,0,0,0,1,32,0,2019-10-7
Coronadita Margarita,0,0,0,0,0,0,0,0,0,6,0,1,32,0,2019-10-6
Coronadita Margarita,0,0,0,0,0,0,0,0,0,0,0,2,22,0,2019-10-14
Coronadita Margarita,0,0,0,0,0,0,0,0,0,1,0,3,29,0,2019-10-15
Coronadita Margarita,0,0,0,0,0,0,0,0,0,6,0,3,27,0,2019-10-20
Coronadita Margarita,0,0,0,0,0,0,0,0,0,0,0,3,31,0,2019-10-21
Coronadita Margarita,1.0,0.0,10.0,0.0,-0.0,10.0,0.36,10.0,0.0,3,0,1,27,10.0,2019-10-3
Coronadita Margarita,0,0,0,0,0,0,0,0,0,2,0,1,27,0,2019-10-2
Coronadita Margarita,0,0,0,0,0,0,0,0,0,2,0,2,25,0,2019-10-9
Coronadita Margarita,0,0,0,0,0,0,0,0,0,1,0,2,29,0,2019-10-8
Coronadita Margarita,1.0,0.0,10.0,0.0,-0.0,10.0,0.47,10.0,0.0,4,0,1,26,10.0,2019-10-4
Coronadita Margarita,0,0,0,0,0,0,0,0,0,5,1,1,30,0,2019-10-5
Coronadita Margarita,0,0,0,0,0,0,0,0,0,2,0,5,18,0,2019-10-30
Coronadita Margarita,0,0,0,0,0,0,0,0,0,3,0,5,20,0,2019-10-31
Coronadita Margarita,0,0,0,0,0,0,0,0,0,6,0,2,26,0,2019-10-13
Coronadita Margarita,2.0,0.0,18.0,0.0,-0.0,18.0,0.99,9.0,0.0,5,1,2,28,18.0,2019-10-12
Coronadita Margarita,0,0,0,0,0,0,0,0,0,6,0,4,22,0,2019-10-27
Coronadita Margarita,0,0,0,0,0,0,0,0,0,5,1,4,30,0,2019-10-26
Coronadita Margarita,0,0,0,0,0,0,0,0,0,5,1,3,26,0,2019-10-19
Coronadita Margarita,0,0,0,0,0,0,0,0,0,4,0,3,23,0,2019-10-18
Coronadita Margarita,0,0,0,0,0,0,0,0,0,3,0,1,15,0,2019-12-5
Coronadita Margarita,0,0,0,0,0,0,0,0,0,2,0,1,11,0,2019-12-4
Coronadita Margarita,0,0,0,0,0,0,0,0,0,1,0,5,15,0,2019-12-31
Coronadita Margarita,0,0,0,0,0,0,0,0,0,0,0,5,11,0,2019-12-30
Coronadita Margarita,0,0,0,0,0,0,0,0,0,3,0,2,19,0,2019-12-12
Coronadita Margarita,0,0,0,0,0,0,0,0,0,4,0,2,22,0,2019-12-13
Coronadita Margarita,0,0,0,0,0,0,0,0,0,3,0,4,6,0,2019-12-26
Coronadita Margarita,0,0,0,0,0,0,0,0,0,4,0,4,11,0,2019-12-27
Coronadita Margarita,0,0,0,0,0,0,0,0,0,2,0,3,12,0,2019-12-18
Coronadita Margarita,0,0,0,0,0,0,0,0,0,3,0,3,15,0,2019-12-19
Coronadita Margarita,0,0,0,0,0,0,0,0,0,6,0,3,14,0,2019-12-15
Coronadita Margarita,1.0,0.0,9.0,0.0,-0.0,9.0,0.4,9.0,0.0,5,1,2,15,9.0,2019-12-14
Coronadita Margarita,0,0,0,0,0,0,0,0,0,5,1,3,18,0,2019-12-21
Coronadita Margarita,0,0,0,0,0,0,0,0,0,4,0,3,17,0,2019-12-20
Coronadita Margarita,0,0,0,0,0,0,0,0,0,0,0,1,17,0,2019-12-2
Coronadita Margarita,0,0,0,0,0,0,0,0,0,1,0,1,18,0,2019-12-3
Coronadita Margarita,0,0,0,0,0,0,0,0,0,6,0,2,15,0,2019-12-8
Coronadita Margarita,0,0,0,0,0,0,0,0,0,0,0,2,16,0,2019-12-9
Coronadita Margarita,0,0,0,0,0,0,0,0,0,2,0,4,9,0,2019-12-25
Coronadita Margarita,0,0,0,0,0,0,0,0,0,1,0,4,12,0,2019-12-24
Coronadita Margarita,0,0,0,0,0,0,0,0,0,2,0,2,18,0,2019-12-11
Coronadita Margarita,0,0,0,0,0,0,0,0,0,1,0,2,16,0,2019-12-10
Coronadita Margarita,2.0,0.0,18.0,0.0,-0.0,18.0,0.98,9.0,0.0,4,0,1,18,18.0,2019-12-6
Coronadita Margarita,0,0,0,0,0,0,0,0,0,5,1,1,16,0,2019-12-7
Coronadita Margarita,0,0,0,0,0,0,0,0,0,6,0,1,14,0,2019-12-1
Coronadita Margarita,0,0,0,0,0,0,0,0,0,6,0,4,17,0,2019-12-22
Coronadita Margarita,0,0,0,0,0,0,0,0,0,0,0,4,9,0,2019-12-23
Coronadita Margarita,0,0,0,0,0,0,0,0,0,5,1,4,13,0,2019-12-28
Coronadita Margarita,0,0,0,0,0,0,0,0,0,6,0,5,12,0,2019-12-29
Coronadita Margarita,0,0,0,0,0,0,0,0,0,0,0,3,15,0,2019-12-16
Coronadita Margarita,0,0,0,0,0,0,0,0,0,1,0,3,12,0,2019-12-17
Coronadita Margarita,0,0,0,0,0,0,0,0,0,1,0,1,9,0,2020-2-4
Coronadita Margarita,0,0,0,0,0,0,0,0,0,2,0,1,12,0,2020-2-5
Coronadita Margarita,0,0,0,0,0,0,0,0,0,2,0,3,19,0,2020-2-19
Coronadita Margarita,1.0,0.0,9.0,0.0,-0.0,9.0,0.48,9.0,0.0,1,0,3,19,9.0,2020-2-18
Coronadita Margarita,0,0,0,0,0,0,0,0,0,3,0,4,24,0,2020-2-27
Coronadita Margarita,0,0,0,0,0,0,0,0,0,2,0,4,21,0,2020-2-26
Coronadita Margarita,0,0,0,0,0,0,0,0,0,3,0,2,17,0,2020-2-13
Coronadita Margarita,0,0,0,0,0,0,0,0,0,2,0,2,15,0,2020-2-12
Coronadita Margarita,0,0,0,0,0,0,0,0,0,3,0,3,23,0,2020-2-20
Coronadita Margarita,1.0,0.0,9.0,0.0,-0.0,9.0,0.28,9.0,0.0,4,0,3,24,9.0,2020-2-21
Coronadita Margarita,1.0,0.0,9.0,0.0,-0.0,9.0,0.17,9.0,0.0,4,0,2,18,9.0,2020-2-14
Coronadita Margarita,0,0,0,0,0,0,0,0,0,5,1,3,18,0,2020-2-15
Coronadita Margarita,1.0,0.0,9.0,0.0,-0.0,9.0,0.26,9.0,0.0,6,0,2,10,9.0,2020-2-9
Coronadita Margarita,0,0,0,0,0,0,0,0,0,5,1,2,20,0,2020-2-8
Coronadita Margarita,1.0,0.0,9.0,0.0,-0.0,9.0,2.18,9.0,0.0,0,0,1,11,9.0,2020-2-3
Coronadita Margarita,0,0,0,0,0,0,0,0,0,6,0,1,21,0,2020-2-2
Coronadita Margarita,0,0,0,0,0,0,0,0,0,0,0,2,13,0,2020-2-10
Coronadita Margarita,0,0,0,0,0,0,0,0,0,1,0,2,16,0,2020-2-11
Coronadita Margarita,0,0,0,0,0,0,0,0,0,0,0,4,20,0,2020-2-24
Coronadita Margarita,0,0,0,0,0,0,0,0,0,1,0,4,25,0,2020-2-25
Coronadita Margarita,2.0,0.0,18.0,0.0,-0.0,18.0,0.9,9.0,0.0,4,0,1,19,18.0,2020-2-7
Coronadita Margarita,0,0,0,0,0,0,0,0,0,3,0,1,14,0,2020-2-6
Coronadita Margarita,1.0,0.0,9.0,0.0,-0.0,9.0,0.45,9.0,0.0,5,1,1,24,9.0,2020-2-1
Coronadita Margarita,0,0,0,0,0,0,0,0,0,0,0,3,19,0,2020-2-17
Coronadita Margarita,0,0,0,0,0,0,0,0,0,6,0,3,20,0,2020-2-16
Coronadita Margarita,1.0,0.0,9.0,0.0,-0.0,9.0,0.66,9.0,0.0,5,1,5,19,9.0,2020-2-29
Coronadita Margarita,1.0,0.0,9.0,0.0,-0.0,9.0,0.33,9.0,0.0,4,0,4,23,9.0,2020-2-28
Coronadita Margarita,0,0,0,0,0,0,0,0,0,6,0,4,14,0,2020-2-23
Coronadita Margarita,1.0,0.0,10.0,0.0,-0.0,10.0,0.72,10.0,0.0,5,1,4,14,10.0,2020-2-22
Coronadita Margarita,0,0,0,0,0,0,0,0,0,4,0,1,19,0,2020-1-3
Coronadita Margarita,0,0,0,0,0,0,0,0,0,3,0,1,17,0,2020-1-2
Coronadita Margarita,0,0,0,0,0,0,0,0,0,3,0,2,11,0,2020-1-9
Coronadita Margarita,0,0,0,0,0,0,0,0,0,2,0,2,15,0,2020-1-8
Coronadita Margarita,0,0,0,0,0,0,0,0,0,1,0,2,15,0,2020-1-14
Coronadita Margarita,0,0,0,0,0,0,0,0,0,2,0,3,15,0,2020-1-15
Coronadita Margarita,0,0,0,0,0,0,0,0,0,0,0,3,17,0,2020-1-20
Coronadita Margarita,1.0,0.0,9.0,0.0,-0.0,9.0,1.77,9.0,0.0,1,0,3,11,9.0,2020-1-21
Coronadita Margarita,0,0,0,0,0,0,0,0,0,0,0,2,13,0,2020-1-13
Coronadita Margarita,0,0,0,0,0,0,0,0,0,6,0,2,15,0,2020-1-12
Coronadita Margarita,0,0,0,0,0,0,0,0,0,0,0,4,19,0,2020-1-27
Coronadita Margarita,0,0,0,0,0,0,0,0,0,6,0,4,19,0,2020-1-26
Coronadita Margarita,0,0,0,0,0,0,0,0,0,6,0,3,19,0,2020-1-19
Coronadita Margarita,4.0,0.0,36.0,0.0,-0.0,36.0,2.07,9.0,0.0,5,1,3,17,36.0,2020-1-18
Coronadita Margarita,0,0,0,0,0,0,0,0,0,5,1,1,18,0,2020-1-4
Coronadita Margarita,0,0,0,0,0,0,0,0,0,6,0,1,17,0,2020-1-5
Coronadita Margarita,0,0,0,0,0,0,0,0,0,3,0,5,18,0,2020-1-30
Coronadita Margarita,2.0,0.0,18.0,0.0,-0.0,18.0,0.33,9.0,0.0,4,0,5,21,18.0,2020-1-31
Coronadita Margarita,0,0,0,0,0,0,0,0,0,3,0,4,19,0,2020-1-23
Coronadita Margarita,0,0,0,0,0,0,0,0,0,2,0,4,14,0,2020-1-22
Coronadita Margarita,0,0,0,0,0,0,0,0,0,2,0,5,17,0,2020-1-29
Coronadita Margarita,0,0,0,0,0,0,0,0,0,1,0,4,21,0,2020-1-28
Coronadita Margarita,0,0,0,0,0,0,0,0,0,4,0,3,12,0,2020-1-17
Coronadita Margarita,0,0,0,0,0,0,0,0,0,3,0,3,14,0,2020-1-16
Coronadita Margarita,0,0,0,0,0,0,0,0,0,2,0,1,16,0,2020-1-1
Coronadita Margarita,0,0,0,0,0,0,0,0,0,1,0,1,19,0,2020-1-7
Coronadita Margarita,9.0,0.0,90.0,0.0,-0.0,90.0,6.41,10.0,0.0,0,0,1,19,90.0,2020-1-6
Coronadita Margarita,0,0,0,0,0,0,0,0,0,4,0,4,21,0,2020-1-24
Coronadita Margarita,0,0,0,0,0,0,0,0,0,5,1,4,22,0,2020-1-25
Coronadita Margarita,0,0,0,0,0,0,0,0,0,4,0,2,15,0,2020-1-10
Coronadita Margarita,0,0,0,0,0,0,0,0,0,5,1,2,16,0,2020-1-11
