Name,Sold,Refunded,Gross Sales,Discounts,Refunds,Net Sales,% Net Sales,Avg Net Sales,COGS,Day of Week,Weekend,Week of Month,Day Temperature Cel,Gross Profit,Date
Paloma Don Julio añejo,0,0,0,0,0,0,0,0,0,1,0,1,21,0,2019-10-1
Don Julio,0,0,0,0,0,0,0,0,0,1,0,1,21,0,2019-10-1
Mercadito Margarita Don Julio,0,0,0,0,0,0,0,0,0,1,0,1,21,0,2019-10-1
Cadillac Margarita Don Julio,0,0,0,0,0,0,0,0,0,1,0,1,21,0,2019-10-1
Paloma Don Julio añejo,0,0,0,0,0,0,0,0,0,2,0,4,32,0,2019-10-23
Don Julio,0,0,0,0,0,0,0,0,0,2,0,4,32,0,2019-10-23
Mercadito Margarita Don Julio,0,0,0,0,0,0,0,0,0,2,0,4,32,0,2019-10-23
Cadillac Margarita Don Julio,0,0,0,0,0,0,0,0,0,2,0,4,32,0,2019-10-23
Paloma Don Julio añejo,0,0,0,0,0,0,0,0,0,1,0,4,32,0,2019-10-22
Don Julio,0,0,0,0,0,0,0,0,0,1,0,4,32,0,2019-10-22
Mercadito Margarita Don Julio,0,0,0,0,0,0,0,0,0,1,0,4,32,0,2019-10-22
Cadillac Margarita Don Julio,0,0,0,0,0,0,0,0,0,1,0,4,32,0,2019-10-22
Mercadito Margarita Don Julio,1.0,0.0,14.0,0.0,-0.0,14.0,1.33,14.0,0.0,1,0,5,21,14.0,2019-10-29
Don Julio,1.0,0.0,12.0,0.0,-0.0,12.0,1.14,12.0,0.0,1,0,5,21,0.0,2019-10-29
Paloma Don Julio añejo,0,0,0,0,0,0,0,0,0,1,0,5,21,0,2019-10-29
Cadillac Margarita Don Julio,0,0,0,0,0,0,0,0,0,1,0,5,21,0,2019-10-29
Paloma Don Julio añejo,0,0,0,0,0,0,0,0,0,0,0,4,20,0,2019-10-28
Don Julio,0,0,0,0,0,0,0,0,0,0,0,4,20,0,2019-10-28
Mercadito Margarita Don Julio,0,0,0,0,0,0,0,0,0,0,0,4,20,0,2019-10-28
Cadillac Margarita Don Julio,0,0,0,0,0,0,0,0,0,0,0,4,20,0,2019-10-28
Paloma Don Julio añejo,0,0,0,0,0,0,0,0,0,3,0,3,25,0,2019-10-17
Don Julio,0,0,0,0,0,0,0,0,0,3,0,3,25,0,2019-10-17
Mercadito Margarita Don Julio,0,0,0,0,0,0,0,0,0,3,0,3,25,0,2019-10-17
Cadillac Margarita Don Julio,0,0,0,0,0,0,0,0,0,3,0,3,25,0,2019-10-17
Paloma Don Julio añejo,0,0,0,0,0,0,0,0,0,2,0,3,29,0,2019-10-16
Don Julio,0,0,0,0,0,0,0,0,0,2,0,3,29,0,2019-10-16
Mercadito Margarita Don Julio,0,0,0,0,0,0,0,0,0,2,0,3,29,0,2019-10-16
Cadillac Margarita Don Julio,0,0,0,0,0,0,0,0,0,2,0,3,29,0,2019-10-16
Paloma Don Julio añejo,0,0,0,0,0,0,0,0,0,3,0,4,31,0,2019-10-24
Don Julio,0,0,0,0,0,0,0,0,0,3,0,4,31,0,2019-10-24
Mercadito Margarita Don Julio,0,0,0,0,0,0,0,0,0,3,0,4,31,0,2019-10-24
Cadillac Margarita Don Julio,0,0,0,0,0,0,0,0,0,3,0,4,31,0,2019-10-24
Paloma Don Julio añejo,0,0,0,0,0,0,0,0,0,4,0,4,31,0,2019-10-25
Don Julio,0,0,0,0,0,0,0,0,0,4,0,4,31,0,2019-10-25
Mercadito Margarita Don Julio,0,0,0,0,0,0,0,0,0,4,0,4,31,0,2019-10-25
Cadillac Margarita Don Julio,0,0,0,0,0,0,0,0,0,4,0,4,31,0,2019-10-25
Paloma Don Julio añejo,0,0,0,0,0,0,0,0,0,3,0,2,24,0,2019-10-10
Don Julio,0,0,0,0,0,0,0,0,0,3,0,2,24,0,2019-10-10
Mercadito Margarita Don Julio,0,0,0,0,0,0,0,0,0,3,0,2,24,0,2019-10-10
Cadillac Margarita Don Julio,0,0,0,0,0,0,0,0,0,3,0,2,24,0,2019-10-10
Mercadito Margarita Don Julio,1.0,0.0,14.0,0.0,-0.0,14.0,0.75,14.0,0.0,4,0,2,27,14.0,2019-10-11
Paloma Don Julio añejo,0,0,0,0,0,0,0,0,0,4,0,2,27,0,2019-10-11
Don Julio,0,0,0,0,0,0,0,0,0,4,0,2,27,0,2019-10-11
Cadillac Margarita Don Julio,0,0,0,0,0,0,0,0,0,4,0,2,27,0,2019-10-11
Paloma Don Julio añejo,0,0,0,0,0,0,0,0,0,0,0,1,32,0,2019-10-7
Don Julio,0,0,0,0,0,0,0,0,0,0,0,1,32,0,2019-10-7
Mercadito Margarita Don Julio,0,0,0,0,0,0,0,0,0,0,0,1,32,0,2019-10-7
Cadillac Margarita Don Julio,0,0,0,0,0,0,0,0,0,0,0,1,32,0,2019-10-7
Paloma Don Julio añejo,0,0,0,0,0,0,0,0,0,6,0,1,32,0,2019-10-6
Don Julio,0,0,0,0,0,0,0,0,0,6,0,1,32,0,2019-10-6
Mercadito Margarita Don Julio,0,0,0,0,0,0,0,0,0,6,0,1,32,0,2019-10-6
Cadillac Margarita Don Julio,0,0,0,0,0,0,0,0,0,6,0,1,32,0,2019-10-6
Paloma Don Julio añejo,0,0,0,0,0,0,0,0,0,0,0,2,22,0,2019-10-14
Don Julio,0,0,0,0,0,0,0,0,0,0,0,2,22,0,2019-10-14
Mercadito Margarita Don Julio,0,0,0,0,0,0,0,0,0,0,0,2,22,0,2019-10-14
Cadillac Margarita Don Julio,0,0,0,0,0,0,0,0,0,0,0,2,22,0,2019-10-14
Mercadito Margarita Don Julio,1.0,0.0,14.0,0.0,-0.0,14.0,2.0,14.0,0.0,1,0,3,29,14.0,2019-10-15
Paloma Don Julio añejo,0,0,0,0,0,0,0,0,0,1,0,3,29,0,2019-10-15
Don Julio,0,0,0,0,0,0,0,0,0,1,0,3,29,0,2019-10-15
Cadillac Margarita Don Julio,0,0,0,0,0,0,0,0,0,1,0,3,29,0,2019-10-15
Mercadito Margarita Don Julio,4.0,0.0,56.0,0.0,-0.0,56.0,1.63,14.0,0.0,6,0,3,27,56.0,2019-10-20
Paloma Don Julio añejo,0,0,0,0,0,0,0,0,0,6,0,3,27,0,2019-10-20
Don Julio,0,0,0,0,0,0,0,0,0,6,0,3,27,0,2019-10-20
Cadillac Margarita Don Julio,0,0,0,0,0,0,0,0,0,6,0,3,27,0,2019-10-20
Paloma Don Julio añejo,0,0,0,0,0,0,0,0,0,0,0,3,31,0,2019-10-21
Don Julio,0,0,0,0,0,0,0,0,0,0,0,3,31,0,2019-10-21
Mercadito Margarita Don Julio,0,0,0,0,0,0,0,0,0,0,0,3,31,0,2019-10-21
Cadillac Margarita Don Julio,0,0,0,0,0,0,0,0,0,0,0,3,31,0,2019-10-21
Paloma Don Julio añejo,0,0,0,0,0,0,0,0,0,3,0,1,27,0,2019-10-3
Don Julio,0,0,0,0,0,0,0,0,0,3,0,1,27,0,2019-10-3
Mercadito Margarita Don Julio,0,0,0,0,0,0,0,0,0,3,0,1,27,0,2019-10-3
Cadillac Margarita Don Julio,0,0,0,0,0,0,0,0,0,3,0,1,27,0,2019-10-3
Paloma Don Julio añejo,0,0,0,0,0,0,0,0,0,2,0,1,27,0,2019-10-2
Don Julio,0,0,0,0,0,0,0,0,0,2,0,1,27,0,2019-10-2
Mercadito Margarita Don Julio,0,0,0,0,0,0,0,0,0,2,0,1,27,0,2019-10-2
Cadillac Margarita Don Julio,0,0,0,0,0,0,0,0,0,2,0,1,27,0,2019-10-2
Paloma Don Julio añejo,0,0,0,0,0,0,0,0,0,2,0,2,25,0,2019-10-9
Don Julio,0,0,0,0,0,0,0,0,0,2,0,2,25,0,2019-10-9
Mercadito Margarita Don Julio,0,0,0,0,0,0,0,0,0,2,0,2,25,0,2019-10-9
Cadillac Margarita Don Julio,0,0,0,0,0,0,0,0,0,2,0,2,25,0,2019-10-9
Mercadito Margarita Don Julio,1.0,0.0,14.0,0.0,-0.0,14.0,2.89,14.0,0.0,1,0,2,29,14.0,2019-10-8
Paloma Don Julio añejo,0,0,0,0,0,0,0,0,0,1,0,2,29,0,2019-10-8
Don Julio,0,0,0,0,0,0,0,0,0,1,0,2,29,0,2019-10-8
Cadillac Margarita Don Julio,0,0,0,0,0,0,0,0,0,1,0,2,29,0,2019-10-8
Don Julio,5.0,0.0,64.0,0.0,-0.0,64.0,3.03,12.8,0.0,4,0,1,26,0.0,2019-10-4
Paloma Don Julio añejo,1.0,0.0,18.0,0.0,-0.0,18.0,0.85,18.0,0.0,4,0,1,26,0.0,2019-10-4
Mercadito Margarita Don Julio,0,0,0,0,0,0,0,0,0,4,0,1,26,0,2019-10-4
Cadillac Margarita Don Julio,0,0,0,0,0,0,0,0,0,4,0,1,26,0,2019-10-4
Cadillac Margarita Don Julio,3.0,0.0,54.0,0.0,-0.0,54.0,6.88,18.0,0.0,5,1,1,30,0.0,2019-10-5
Don Julio,1.0,0.0,12.0,0.0,-0.0,12.0,1.53,12.0,0.0,5,1,1,30,0.0,2019-10-5
Paloma Don Julio añejo,0,0,0,0,0,0,0,0,0,5,1,1,30,0,2019-10-5
Mercadito Margarita Don Julio,0,0,0,0,0,0,0,0,0,5,1,1,30,0,2019-10-5
Paloma Don Julio añejo,0,0,0,0,0,0,0,0,0,2,0,5,18,0,2019-10-30
Don Julio,0,0,0,0,0,0,0,0,0,2,0,5,18,0,2019-10-30
Mercadito Margarita Don Julio,0,0,0,0,0,0,0,0,0,2,0,5,18,0,2019-10-30
Cadillac Margarita Don Julio,0,0,0,0,0,0,0,0,0,2,0,5,18,0,2019-10-30
Paloma Don Julio añejo,0,0,0,0,0,0,0,0,0,3,0,5,20,0,2019-10-31
Don Julio,0,0,0,0,0,0,0,0,0,3,0,5,20,0,2019-10-31
Mercadito Margarita Don Julio,0,0,0,0,0,0,0,0,0,3,0,5,20,0,2019-10-31
Cadillac Margarita Don Julio,0,0,0,0,0,0,0,0,0,3,0,5,20,0,2019-10-31
Paloma Don Julio añejo,0,0,0,0,0,0,0,0,0,6,0,2,26,0,2019-10-13
Don Julio,0,0,0,0,0,0,0,0,0,6,0,2,26,0,2019-10-13
Mercadito Margarita Don Julio,0,0,0,0,0,0,0,0,0,6,0,2,26,0,2019-10-13
Cadillac Margarita Don Julio,0,0,0,0,0,0,0,0,0,6,0,2,26,0,2019-10-13
Mercadito Margarita Don Julio,1.0,0.0,14.0,0.0,-0.0,14.0,0.77,14.0,0.0,5,1,2,28,14.0,2019-10-12
Paloma Don Julio añejo,0,0,0,0,0,0,0,0,0,5,1,2,28,0,2019-10-12
Don Julio,0,0,0,0,0,0,0,0,0,5,1,2,28,0,2019-10-12
Cadillac Margarita Don Julio,0,0,0,0,0,0,0,0,0,5,1,2,28,0,2019-10-12
Paloma Don Julio añejo,0,0,0,0,0,0,0,0,0,6,0,4,22,0,2019-10-27
Don Julio,0,0,0,0,0,0,0,0,0,6,0,4,22,0,2019-10-27
Mercadito Margarita Don Julio,0,0,0,0,0,0,0,0,0,6,0,4,22,0,2019-10-27
Cadillac Margarita Don Julio,0,0,0,0,0,0,0,0,0,6,0,4,22,0,2019-10-27
Mercadito Margarita Don Julio,1.0,0.0,14.0,0.0,-0.0,14.0,0.79,14.0,0.0,5,1,4,30,14.0,2019-10-26
Paloma Don Julio añejo,0,0,0,0,0,0,0,0,0,5,1,4,30,0,2019-10-26
Don Julio,0,0,0,0,0,0,0,0,0,5,1,4,30,0,2019-10-26
Cadillac Margarita Don Julio,0,0,0,0,0,0,0,0,0,5,1,4,30,0,2019-10-26
Paloma Don Julio añejo,0,0,0,0,0,0,0,0,0,5,1,3,26,0,2019-10-19
Don Julio,0,0,0,0,0,0,0,0,0,5,1,3,26,0,2019-10-19
Mercadito Margarita Don Julio,0,0,0,0,0,0,0,0,0,5,1,3,26,0,2019-10-19
Cadillac Margarita Don Julio,0,0,0,0,0,0,0,0,0,5,1,3,26,0,2019-10-19
Don Julio,1.0,0.0,12.0,0.0,-0.0,12.0,0.98,12.0,0.0,4,0,3,23,0.0,2019-10-18
Paloma Don Julio añejo,0,0,0,0,0,0,0,0,0,4,0,3,23,0,2019-10-18
Mercadito Margarita Don Julio,0,0,0,0,0,0,0,0,0,4,0,3,23,0,2019-10-18
Cadillac Margarita Don Julio,0,0,0,0,0,0,0,0,0,4,0,3,23,0,2019-10-18
Paloma Don Julio añejo,0,0,0,0,0,0,0,0,0,3,0,1,15,0,2019-12-5
Don Julio,0,0,0,0,0,0,0,0,0,3,0,1,15,0,2019-12-5
Mercadito Margarita Don Julio,0,0,0,0,0,0,0,0,0,3,0,1,15,0,2019-12-5
Cadillac Margarita Don Julio,0,0,0,0,0,0,0,0,0,3,0,1,15,0,2019-12-5
Paloma Don Julio añejo,0,0,0,0,0,0,0,0,0,2,0,1,11,0,2019-12-4
Don Julio,0,0,0,0,0,0,0,0,0,2,0,1,11,0,2019-12-4
Mercadito Margarita Don Julio,0,0,0,0,0,0,0,0,0,2,0,1,11,0,2019-12-4
Cadillac Margarita Don Julio,0,0,0,0,0,0,0,0,0,2,0,1,11,0,2019-12-4
Paloma Don Julio añejo,0,0,0,0,0,0,0,0,0,1,0,5,15,0,2019-12-31
Don Julio,0,0,0,0,0,0,0,0,0,1,0,5,15,0,2019-12-31
Mercadito Margarita Don Julio,0,0,0,0,0,0,0,0,0,1,0,5,15,0,2019-12-31
Cadillac Margarita Don Julio,0,0,0,0,0,0,0,0,0,1,0,5,15,0,2019-12-31
Paloma Don Julio añejo,0,0,0,0,0,0,0,0,0,0,0,5,11,0,2019-12-30
Don Julio,0,0,0,0,0,0,0,0,0,0,0,5,11,0,2019-12-30
Mercadito Margarita Don Julio,0,0,0,0,0,0,0,0,0,0,0,5,11,0,2019-12-30
Cadillac Margarita Don Julio,0,0,0,0,0,0,0,0,0,0,0,5,11,0,2019-12-30
Paloma Don Julio añejo,0,0,0,0,0,0,0,0,0,3,0,2,19,0,2019-12-12
Don Julio,0,0,0,0,0,0,0,0,0,3,0,2,19,0,2019-12-12
Mercadito Margarita Don Julio,0,0,0,0,0,0,0,0,0,3,0,2,19,0,2019-12-12
Cadillac Margarita Don Julio,0,0,0,0,0,0,0,0,0,3,0,2,19,0,2019-12-12
Paloma Don Julio añejo,0,0,0,0,0,0,0,0,0,4,0,2,22,0,2019-12-13
Don Julio,0,0,0,0,0,0,0,0,0,4,0,2,22,0,2019-12-13
Mercadito Margarita Don Julio,0,0,0,0,0,0,0,0,0,4,0,2,22,0,2019-12-13
Cadillac Margarita Don Julio,0,0,0,0,0,0,0,0,0,4,0,2,22,0,2019-12-13
Paloma Don Julio añejo,0,0,0,0,0,0,0,0,0,3,0,4,6,0,2019-12-26
Don Julio,0,0,0,0,0,0,0,0,0,3,0,4,6,0,2019-12-26
Mercadito Margarita Don Julio,0,0,0,0,0,0,0,0,0,3,0,4,6,0,2019-12-26
Cadillac Margarita Don Julio,0,0,0,0,0,0,0,0,0,3,0,4,6,0,2019-12-26
Paloma Don Julio añejo,0,0,0,0,0,0,0,0,0,4,0,4,11,0,2019-12-27
Don Julio,0,0,0,0,0,0,0,0,0,4,0,4,11,0,2019-12-27
Mercadito Margarita Don Julio,0,0,0,0,0,0,0,0,0,4,0,4,11,0,2019-12-27
Cadillac Margarita Don Julio,0,0,0,0,0,0,0,0,0,4,0,4,11,0,2019-12-27
Paloma Don Julio añejo,0,0,0,0,0,0,0,0,0,2,0,3,12,0,2019-12-18
Don Julio,0,0,0,0,0,0,0,0,0,2,0,3,12,0,2019-12-18
Mercadito Margarita Don Julio,0,0,0,0,0,0,0,0,0,2,0,3,12,0,2019-12-18
Cadillac Margarita Don Julio,0,0,0,0,0,0,0,0,0,2,0,3,12,0,2019-12-18
Mercadito Margarita Don Julio,1.0,0.0,14.0,0.0,-0.0,14.0,1.55,14.0,0.0,3,0,3,15,14.0,2019-12-19
Paloma Don Julio añejo,0,0,0,0,0,0,0,0,0,3,0,3,15,0,2019-12-19
Don Julio,0,0,0,0,0,0,0,0,0,3,0,3,15,0,2019-12-19
Cadillac Margarita Don Julio,0,0,0,0,0,0,0,0,0,3,0,3,15,0,2019-12-19
Paloma Don Julio añejo,0,0,0,0,0,0,0,0,0,6,0,3,14,0,2019-12-15
Don Julio,0,0,0,0,0,0,0,0,0,6,0,3,14,0,2019-12-15
Mercadito Margarita Don Julio,0,0,0,0,0,0,0,0,0,6,0,3,14,0,2019-12-15
Cadillac Margarita Don Julio,0,0,0,0,0,0,0,0,0,6,0,3,14,0,2019-12-15
Mercadito Margarita Don Julio,1.0,0.0,14.0,0.0,-0.0,14.0,0.63,14.0,0.0,5,1,2,15,14.0,2019-12-14
Paloma Don Julio añejo,0,0,0,0,0,0,0,0,0,5,1,2,15,0,2019-12-14
Don Julio,0,0,0,0,0,0,0,0,0,5,1,2,15,0,2019-12-14
Cadillac Margarita Don Julio,0,0,0,0,0,0,0,0,0,5,1,2,15,0,2019-12-14
Paloma Don Julio añejo,0,0,0,0,0,0,0,0,0,5,1,3,18,0,2019-12-21
Don Julio,0,0,0,0,0,0,0,0,0,5,1,3,18,0,2019-12-21
Mercadito Margarita Don Julio,0,0,0,0,0,0,0,0,0,5,1,3,18,0,2019-12-21
Cadillac Margarita Don Julio,0,0,0,0,0,0,0,0,0,5,1,3,18,0,2019-12-21
Mercadito Margarita Don Julio,2.0,0.0,28.0,0.0,-0.0,28.0,1.13,14.0,0.0,4,0,3,17,28.0,2019-12-20
Paloma Don Julio añejo,0,0,0,0,0,0,0,0,0,4,0,3,17,0,2019-12-20
Don Julio,0,0,0,0,0,0,0,0,0,4,0,3,17,0,2019-12-20
Cadillac Margarita Don Julio,0,0,0,0,0,0,0,0,0,4,0,3,17,0,2019-12-20
Paloma Don Julio añejo,0,0,0,0,0,0,0,0,0,0,0,1,17,0,2019-12-2
Don Julio,0,0,0,0,0,0,0,0,0,0,0,1,17,0,2019-12-2
Mercadito Margarita Don Julio,0,0,0,0,0,0,0,0,0,0,0,1,17,0,2019-12-2
Cadillac Margarita Don Julio,0,0,0,0,0,0,0,0,0,0,0,1,17,0,2019-12-2
Paloma Don Julio añejo,0,0,0,0,0,0,0,0,0,1,0,1,18,0,2019-12-3
Don Julio,0,0,0,0,0,0,0,0,0,1,0,1,18,0,2019-12-3
Mercadito Margarita Don Julio,0,0,0,0,0,0,0,0,0,1,0,1,18,0,2019-12-3
Cadillac Margarita Don Julio,0,0,0,0,0,0,0,0,0,1,0,1,18,0,2019-12-3
Paloma Don Julio añejo,0,0,0,0,0,0,0,0,0,6,0,2,15,0,2019-12-8
Don Julio,0,0,0,0,0,0,0,0,0,6,0,2,15,0,2019-12-8
Mercadito Margarita Don Julio,0,0,0,0,0,0,0,0,0,6,0,2,15,0,2019-12-8
Cadillac Margarita Don Julio,0,0,0,0,0,0,0,0,0,6,0,2,15,0,2019-12-8
Don Julio,2.0,0.0,28.0,0.0,-0.0,28.0,0.93,14.0,0.0,0,0,2,16,0.0,2019-12-9
Paloma Don Julio añejo,0,0,0,0,0,0,0,0,0,0,0,2,16,0,2019-12-9
Mercadito Margarita Don Julio,0,0,0,0,0,0,0,0,0,0,0,2,16,0,2019-12-9
Cadillac Margarita Don Julio,0,0,0,0,0,0,0,0,0,0,0,2,16,0,2019-12-9
Paloma Don Julio añejo,0,0,0,0,0,0,0,0,0,2,0,4,9,0,2019-12-25
Don Julio,0,0,0,0,0,0,0,0,0,2,0,4,9,0,2019-12-25
Mercadito Margarita Don Julio,0,0,0,0,0,0,0,0,0,2,0,4,9,0,2019-12-25
Cadillac Margarita Don Julio,0,0,0,0,0,0,0,0,0,2,0,4,9,0,2019-12-25
Paloma Don Julio añejo,0,0,0,0,0,0,0,0,0,1,0,4,12,0,2019-12-24
Don Julio,0,0,0,0,0,0,0,0,0,1,0,4,12,0,2019-12-24
Mercadito Margarita Don Julio,0,0,0,0,0,0,0,0,0,1,0,4,12,0,2019-12-24
Cadillac Margarita Don Julio,0,0,0,0,0,0,0,0,0,1,0,4,12,0,2019-12-24
Don Julio,6.0,0.0,72.0,0.0,-0.0,72.0,8.44,12.0,0.0,2,0,2,18,0.0,2019-12-11
Paloma Don Julio añejo,0,0,0,0,0,0,0,0,0,2,0,2,18,0,2019-12-11
Mercadito Margarita Don Julio,0,0,0,0,0,0,0,0,0,2,0,2,18,0,2019-12-11
Cadillac Margarita Don Julio,0,0,0,0,0,0,0,0,0,2,0,2,18,0,2019-12-11
Mercadito Margarita Don Julio,2.0,0.0,28.0,0.0,-0.0,28.0,4.55,14.0,0.0,1,0,2,16,28.0,2019-12-10
Paloma Don Julio añejo,0,0,0,0,0,0,0,0,0,1,0,2,16,0,2019-12-10
Don Julio,0,0,0,0,0,0,0,0,0,1,0,2,16,0,2019-12-10
Cadillac Margarita Don Julio,0,0,0,0,0,0,0,0,0,1,0,2,16,0,2019-12-10
Don Julio,4.0,0.0,54.0,0.0,-0.0,54.0,2.95,13.5,0.0,4,0,1,18,0.0,2019-12-6
Paloma Don Julio añejo,0,0,0,0,0,0,0,0,0,4,0,1,18,0,2019-12-6
Mercadito Margarita Don Julio,0,0,0,0,0,0,0,0,0,4,0,1,18,0,2019-12-6
Cadillac Margarita Don Julio,0,0,0,0,0,0,0,0,0,4,0,1,18,0,2019-12-6
Paloma Don Julio añejo,0,0,0,0,0,0,0,0,0,5,1,1,16,0,2019-12-7
Don Julio,0,0,0,0,0,0,0,0,0,5,1,1,16,0,2019-12-7
Mercadito Margarita Don Julio,0,0,0,0,0,0,0,0,0,5,1,1,16,0,2019-12-7
Cadillac Margarita Don Julio,0,0,0,0,0,0,0,0,0,5,1,1,16,0,2019-12-7
Paloma Don Julio añejo,0,0,0,0,0,0,0,0,0,6,0,1,14,0,2019-12-1
Don Julio,0,0,0,0,0,0,0,0,0,6,0,1,14,0,2019-12-1
Mercadito Margarita Don Julio,0,0,0,0,0,0,0,0,0,6,0,1,14,0,2019-12-1
Cadillac Margarita Don Julio,0,0,0,0,0,0,0,0,0,6,0,1,14,0,2019-12-1
Don Julio,1.0,0.0,14.0,0.0,-0.0,14.0,0.44,14.0,0.0,6,0,4,17,0.0,2019-12-22
Paloma Don Julio añejo,0,0,0,0,0,0,0,0,0,6,0,4,17,0,2019-12-22
Mercadito Margarita Don Julio,0,0,0,0,0,0,0,0,0,6,0,4,17,0,2019-12-22
Cadillac Margarita Don Julio,0,0,0,0,0,0,0,0,0,6,0,4,17,0,2019-12-22
Don Julio,2.0,0.0,24.0,0.0,-0.0,24.0,2.16,12.0,0.0,0,0,4,9,0.0,2019-12-23
Paloma Don Julio añejo,0,0,0,0,0,0,0,0,0,0,0,4,9,0,2019-12-23
Mercadito Margarita Don Julio,0,0,0,0,0,0,0,0,0,0,0,4,9,0,2019-12-23
Cadillac Margarita Don Julio,0,0,0,0,0,0,0,0,0,0,0,4,9,0,2019-12-23
Paloma Don Julio añejo,0,0,0,0,0,0,0,0,0,5,1,4,13,0,2019-12-28
Don Julio,0,0,0,0,0,0,0,0,0,5,1,4,13,0,2019-12-28
Mercadito Margarita Don Julio,0,0,0,0,0,0,0,0,0,5,1,4,13,0,2019-12-28
Cadillac Margarita Don Julio,0,0,0,0,0,0,0,0,0,5,1,4,13,0,2019-12-28
Paloma Don Julio añejo,0,0,0,0,0,0,0,0,0,6,0,5,12,0,2019-12-29
Don Julio,0,0,0,0,0,0,0,0,0,6,0,5,12,0,2019-12-29
Mercadito Margarita Don Julio,0,0,0,0,0,0,0,0,0,6,0,5,12,0,2019-12-29
Cadillac Margarita Don Julio,0,0,0,0,0,0,0,0,0,6,0,5,12,0,2019-12-29
Paloma Don Julio añejo,0,0,0,0,0,0,0,0,0,0,0,3,15,0,2019-12-16
Don Julio,0,0,0,0,0,0,0,0,0,0,0,3,15,0,2019-12-16
Mercadito Margarita Don Julio,0,0,0,0,0,0,0,0,0,0,0,3,15,0,2019-12-16
Cadillac Margarita Don Julio,0,0,0,0,0,0,0,0,0,0,0,3,15,0,2019-12-16
Paloma Don Julio añejo,0,0,0,0,0,0,0,0,0,1,0,3,12,0,2019-12-17
Don Julio,0,0,0,0,0,0,0,0,0,1,0,3,12,0,2019-12-17
Mercadito Margarita Don Julio,0,0,0,0,0,0,0,0,0,1,0,3,12,0,2019-12-17
Cadillac Margarita Don Julio,0,0,0,0,0,0,0,0,0,1,0,3,12,0,2019-12-17
Mercadito Margarita Don Julio,2.0,0.0,28.0,0.0,-0.0,28.0,4.52,14.0,0.0,1,0,1,9,28.0,2020-2-4
Paloma Don Julio añejo,0,0,0,0,0,0,0,0,0,1,0,1,9,0,2020-2-4
Don Julio,0,0,0,0,0,0,0,0,0,1,0,1,9,0,2020-2-4
Cadillac Margarita Don Julio,0,0,0,0,0,0,0,0,0,1,0,1,9,0,2020-2-4
Paloma Don Julio añejo,0,0,0,0,0,0,0,0,0,2,0,1,12,0,2020-2-5
Don Julio,0,0,0,0,0,0,0,0,0,2,0,1,12,0,2020-2-5
Mercadito Margarita Don Julio,0,0,0,0,0,0,0,0,0,2,0,1,12,0,2020-2-5
Cadillac Margarita Don Julio,0,0,0,0,0,0,0,0,0,2,0,1,12,0,2020-2-5
Paloma Don Julio añejo,0,0,0,0,0,0,0,0,0,2,0,3,19,0,2020-2-19
Don Julio,0,0,0,0,0,0,0,0,0,2,0,3,19,0,2020-2-19
Mercadito Margarita Don Julio,0,0,0,0,0,0,0,0,0,2,0,3,19,0,2020-2-19
Cadillac Margarita Don Julio,0,0,0,0,0,0,0,0,0,2,0,3,19,0,2020-2-19
Paloma Don Julio añejo,0,0,0,0,0,0,0,0,0,1,0,3,19,0,2020-2-18
Don Julio,0,0,0,0,0,0,0,0,0,1,0,3,19,0,2020-2-18
Mercadito Margarita Don Julio,0,0,0,0,0,0,0,0,0,1,0,3,19,0,2020-2-18
Cadillac Margarita Don Julio,0,0,0,0,0,0,0,0,0,1,0,3,19,0,2020-2-18
Paloma Don Julio añejo,0,0,0,0,0,0,0,0,0,3,0,4,24,0,2020-2-27
Don Julio,0,0,0,0,0,0,0,0,0,3,0,4,24,0,2020-2-27
Mercadito Margarita Don Julio,0,0,0,0,0,0,0,0,0,3,0,4,24,0,2020-2-27
Cadillac Margarita Don Julio,0,0,0,0,0,0,0,0,0,3,0,4,24,0,2020-2-27
Paloma Don Julio añejo,0,0,0,0,0,0,0,0,0,2,0,4,21,0,2020-2-26
Don Julio,0,0,0,0,0,0,0,0,0,2,0,4,21,0,2020-2-26
Mercadito Margarita Don Julio,0,0,0,0,0,0,0,0,0,2,0,4,21,0,2020-2-26
Cadillac Margarita Don Julio,0,0,0,0,0,0,0,0,0,2,0,4,21,0,2020-2-26
Paloma Don Julio añejo,0,0,0,0,0,0,0,0,0,3,0,2,17,0,2020-2-13
Don Julio,0,0,0,0,0,0,0,0,0,3,0,2,17,0,2020-2-13
Mercadito Margarita Don Julio,0,0,0,0,0,0,0,0,0,3,0,2,17,0,2020-2-13
Cadillac Margarita Don Julio,0,0,0,0,0,0,0,0,0,3,0,2,17,0,2020-2-13
Paloma Don Julio añejo,0,0,0,0,0,0,0,0,0,2,0,2,15,0,2020-2-12
Don Julio,0,0,0,0,0,0,0,0,0,2,0,2,15,0,2020-2-12
Mercadito Margarita Don Julio,0,0,0,0,0,0,0,0,0,2,0,2,15,0,2020-2-12
Cadillac Margarita Don Julio,0,0,0,0,0,0,0,0,0,2,0,2,15,0,2020-2-12
Paloma Don Julio añejo,0,0,0,0,0,0,0,0,0,3,0,3,23,0,2020-2-20
Don Julio,0,0,0,0,0,0,0,0,0,3,0,3,23,0,2020-2-20
Mercadito Margarita Don Julio,0,0,0,0,0,0,0,0,0,3,0,3,23,0,2020-2-20
Cadillac Margarita Don Julio,0,0,0,0,0,0,0,0,0,3,0,3,23,0,2020-2-20
Don Julio,1.0,0.0,12.0,0.0,-0.0,12.0,0.38,12.0,0.0,4,0,3,24,0.0,2020-2-21
Paloma Don Julio añejo,0,0,0,0,0,0,0,0,0,4,0,3,24,0,2020-2-21
Mercadito Margarita Don Julio,0,0,0,0,0,0,0,0,0,4,0,3,24,0,2020-2-21
Cadillac Margarita Don Julio,0,0,0,0,0,0,0,0,0,4,0,3,24,0,2020-2-21
Don Julio,3.0,0.0,36.0,0.0,-0.0,36.0,0.69,12.0,0.0,4,0,2,18,0.0,2020-2-14
Paloma Don Julio añejo,0,0,0,0,0,0,0,0,0,4,0,2,18,0,2020-2-14
Mercadito Margarita Don Julio,0,0,0,0,0,0,0,0,0,4,0,2,18,0,2020-2-14
Cadillac Margarita Don Julio,0,0,0,0,0,0,0,0,0,4,0,2,18,0,2020-2-14
Paloma Don Julio añejo,0,0,0,0,0,0,0,0,0,5,1,3,18,0,2020-2-15
Don Julio,0,0,0,0,0,0,0,0,0,5,1,3,18,0,2020-2-15
Mercadito Margarita Don Julio,0,0,0,0,0,0,0,0,0,5,1,3,18,0,2020-2-15
Cadillac Margarita Don Julio,0,0,0,0,0,0,0,0,0,5,1,3,18,0,2020-2-15
Paloma Don Julio añejo,0,0,0,0,0,0,0,0,0,6,0,2,10,0,2020-2-9
Don Julio,0,0,0,0,0,0,0,0,0,6,0,2,10,0,2020-2-9
Mercadito Margarita Don Julio,0,0,0,0,0,0,0,0,0,6,0,2,10,0,2020-2-9
Cadillac Margarita Don Julio,0,0,0,0,0,0,0,0,0,6,0,2,10,0,2020-2-9
Paloma Don Julio añejo,0,0,0,0,0,0,0,0,0,5,1,2,20,0,2020-2-8
Don Julio,0,0,0,0,0,0,0,0,0,5,1,2,20,0,2020-2-8
Mercadito Margarita Don Julio,0,0,0,0,0,0,0,0,0,5,1,2,20,0,2020-2-8
Cadillac Margarita Don Julio,0,0,0,0,0,0,0,0,0,5,1,2,20,0,2020-2-8
Paloma Don Julio añejo,0,0,0,0,0,0,0,0,0,0,0,1,11,0,2020-2-3
Don Julio,0,0,0,0,0,0,0,0,0,0,0,1,11,0,2020-2-3
Mercadito Margarita Don Julio,0,0,0,0,0,0,0,0,0,0,0,1,11,0,2020-2-3
Cadillac Margarita Don Julio,0,0,0,0,0,0,0,0,0,0,0,1,11,0,2020-2-3
Paloma Don Julio añejo,0,0,0,0,0,0,0,0,0,6,0,1,21,0,2020-2-2
Don Julio,0,0,0,0,0,0,0,0,0,6,0,1,21,0,2020-2-2
Mercadito Margarita Don Julio,0,0,0,0,0,0,0,0,0,6,0,1,21,0,2020-2-2
Cadillac Margarita Don Julio,0,0,0,0,0,0,0,0,0,6,0,1,21,0,2020-2-2
Don Julio,1.0,0.0,12.0,0.0,-0.0,12.0,2.53,12.0,0.0,0,0,2,13,0.0,2020-2-10
Paloma Don Julio añejo,0,0,0,0,0,0,0,0,0,0,0,2,13,0,2020-2-10
Mercadito Margarita Don Julio,0,0,0,0,0,0,0,0,0,0,0,2,13,0,2020-2-10
Cadillac Margarita Don Julio,0,0,0,0,0,0,0,0,0,0,0,2,13,0,2020-2-10
Paloma Don Julio añejo,0,0,0,0,0,0,0,0,0,1,0,2,16,0,2020-2-11
Don Julio,0,0,0,0,0,0,0,0,0,1,0,2,16,0,2020-2-11
Mercadito Margarita Don Julio,0,0,0,0,0,0,0,0,0,1,0,2,16,0,2020-2-11
Cadillac Margarita Don Julio,0,0,0,0,0,0,0,0,0,1,0,2,16,0,2020-2-11
Paloma Don Julio añejo,0,0,0,0,0,0,0,0,0,0,0,4,20,0,2020-2-24
Don Julio,0,0,0,0,0,0,0,0,0,0,0,4,20,0,2020-2-24
Mercadito Margarita Don Julio,0,0,0,0,0,0,0,0,0,0,0,4,20,0,2020-2-24
Cadillac Margarita Don Julio,0,0,0,0,0,0,0,0,0,0,0,4,20,0,2020-2-24
Mercadito Margarita Don Julio,3.0,0.0,42.0,0.0,-0.0,42.0,3.61,14.0,0.0,1,0,4,25,42.0,2020-2-25
Paloma Don Julio añejo,0,0,0,0,0,0,0,0,0,1,0,4,25,0,2020-2-25
Don Julio,0,0,0,0,0,0,0,0,0,1,0,4,25,0,2020-2-25
Cadillac Margarita Don Julio,0,0,0,0,0,0,0,0,0,1,0,4,25,0,2020-2-25
Don Julio,3.0,0.0,36.0,0.0,-0.0,36.0,1.81,12.0,0.0,4,0,1,19,0.0,2020-2-7
Paloma Don Julio añejo,0,0,0,0,0,0,0,0,0,4,0,1,19,0,2020-2-7
Mercadito Margarita Don Julio,0,0,0,0,0,0,0,0,0,4,0,1,19,0,2020-2-7
Cadillac Margarita Don Julio,0,0,0,0,0,0,0,0,0,4,0,1,19,0,2020-2-7
Paloma Don Julio añejo,0,0,0,0,0,0,0,0,0,3,0,1,14,0,2020-2-6
Don Julio,0,0,0,0,0,0,0,0,0,3,0,1,14,0,2020-2-6
Mercadito Margarita Don Julio,0,0,0,0,0,0,0,0,0,3,0,1,14,0,2020-2-6
Cadillac Margarita Don Julio,0,0,0,0,0,0,0,0,0,3,0,1,14,0,2020-2-6
Paloma Don Julio añejo,0,0,0,0,0,0,0,0,0,5,1,1,24,0,2020-2-1
Don Julio,0,0,0,0,0,0,0,0,0,5,1,1,24,0,2020-2-1
Mercadito Margarita Don Julio,0,0,0,0,0,0,0,0,0,5,1,1,24,0,2020-2-1
Cadillac Margarita Don Julio,0,0,0,0,0,0,0,0,0,5,1,1,24,0,2020-2-1
Paloma Don Julio añejo,0,0,0,0,0,0,0,0,0,0,0,3,19,0,2020-2-17
Don Julio,0,0,0,0,0,0,0,0,0,0,0,3,19,0,2020-2-17
Mercadito Margarita Don Julio,0,0,0,0,0,0,0,0,0,0,0,3,19,0,2020-2-17
Cadillac Margarita Don Julio,0,0,0,0,0,0,0,0,0,0,0,3,19,0,2020-2-17
Mercadito Margarita Don Julio,1.0,0.0,14.0,0.0,-0.0,14.0,0.47,14.0,0.0,6,0,3,20,14.0,2020-2-16
Paloma Don Julio añejo,0,0,0,0,0,0,0,0,0,6,0,3,20,0,2020-2-16
Don Julio,0,0,0,0,0,0,0,0,0,6,0,3,20,0,2020-2-16
Cadillac Margarita Don Julio,0,0,0,0,0,0,0,0,0,6,0,3,20,0,2020-2-16
Paloma Don Julio añejo,0,0,0,0,0,0,0,0,0,5,1,5,19,0,2020-2-29
Don Julio,0,0,0,0,0,0,0,0,0,5,1,5,19,0,2020-2-29
Mercadito Margarita Don Julio,0,0,0,0,0,0,0,0,0,5,1,5,19,0,2020-2-29
Cadillac Margarita Don Julio,0,0,0,0,0,0,0,0,0,5,1,5,19,0,2020-2-29
Don Julio,3.0,0.0,48.0,0.0,-0.0,48.0,1.74,16.0,0.0,4,0,4,23,0.0,2020-2-28
Mercadito Margarita Don Julio,3.0,0.0,42.0,0.0,-0.0,42.0,1.52,14.0,0.0,4,0,4,23,42.0,2020-2-28
Paloma Don Julio añejo,0,0,0,0,0,0,0,0,0,4,0,4,23,0,2020-2-28
Cadillac Margarita Don Julio,0,0,0,0,0,0,0,0,0,4,0,4,23,0,2020-2-28
Don Julio,2.0,0.0,24.0,0.0,-0.0,24.0,0.62,12.0,0.0,6,0,4,14,0.0,2020-2-23
Mercadito Margarita Don Julio,1.0,0.0,14.0,0.0,-0.0,14.0,0.36,14.0,0.0,6,0,4,14,14.0,2020-2-23
Paloma Don Julio añejo,0,0,0,0,0,0,0,0,0,6,0,4,14,0,2020-2-23
Cadillac Margarita Don Julio,0,0,0,0,0,0,0,0,0,6,0,4,14,0,2020-2-23
Paloma Don Julio añejo,0,0,0,0,0,0,0,0,0,5,1,4,14,0,2020-2-22
Don Julio,0,0,0,0,0,0,0,0,0,5,1,4,14,0,2020-2-22
Mercadito Margarita Don Julio,0,0,0,0,0,0,0,0,0,5,1,4,14,0,2020-2-22
Cadillac Margarita Don Julio,0,0,0,0,0,0,0,0,0,5,1,4,14,0,2020-2-22
Don Julio,1.0,0.0,16.0,0.0,-0.0,16.0,1.99,16.0,0.0,4,0,1,19,0.0,2020-1-3
Mercadito Margarita Don Julio,1.0,0.0,14.0,0.0,-0.0,14.0,1.74,14.0,0.0,4,0,1,19,14.0,2020-1-3
Paloma Don Julio añejo,0,0,0,0,0,0,0,0,0,4,0,1,19,0,2020-1-3
Cadillac Margarita Don Julio,0,0,0,0,0,0,0,0,0,4,0,1,19,0,2020-1-3
Paloma Don Julio añejo,0,0,0,0,0,0,0,0,0,3,0,1,17,0,2020-1-2
Don Julio,0,0,0,0,0,0,0,0,0,3,0,1,17,0,2020-1-2
Mercadito Margarita Don Julio,0,0,0,0,0,0,0,0,0,3,0,1,17,0,2020-1-2
Cadillac Margarita Don Julio,0,0,0,0,0,0,0,0,0,3,0,1,17,0,2020-1-2
Paloma Don Julio añejo,0,0,0,0,0,0,0,0,0,3,0,2,11,0,2020-1-9
Don Julio,0,0,0,0,0,0,0,0,0,3,0,2,11,0,2020-1-9
Mercadito Margarita Don Julio,0,0,0,0,0,0,0,0,0,3,0,2,11,0,2020-1-9
Cadillac Margarita Don Julio,0,0,0,0,0,0,0,0,0,3,0,2,11,0,2020-1-9
Paloma Don Julio añejo,0,0,0,0,0,0,0,0,0,2,0,2,15,0,2020-1-8
Don Julio,0,0,0,0,0,0,0,0,0,2,0,2,15,0,2020-1-8
Mercadito Margarita Don Julio,0,0,0,0,0,0,0,0,0,2,0,2,15,0,2020-1-8
Cadillac Margarita Don Julio,0,0,0,0,0,0,0,0,0,2,0,2,15,0,2020-1-8
Mercadito Margarita Don Julio,2.0,0.0,28.0,0.0,-0.0,28.0,3.2,14.0,0.0,1,0,2,15,28.0,2020-1-14
Don Julio,1.0,0.0,12.0,0.0,-0.0,12.0,1.37,12.0,0.0,1,0,2,15,0.0,2020-1-14
Paloma Don Julio añejo,0,0,0,0,0,0,0,0,0,1,0,2,15,0,2020-1-14
Cadillac Margarita Don Julio,0,0,0,0,0,0,0,0,0,1,0,2,15,0,2020-1-14
Paloma Don Julio añejo,0,0,0,0,0,0,0,0,0,2,0,3,15,0,2020-1-15
Don Julio,0,0,0,0,0,0,0,0,0,2,0,3,15,0,2020-1-15
Mercadito Margarita Don Julio,0,0,0,0,0,0,0,0,0,2,0,3,15,0,2020-1-15
Cadillac Margarita Don Julio,0,0,0,0,0,0,0,0,0,2,0,3,15,0,2020-1-15
Paloma Don Julio añejo,0,0,0,0,0,0,0,0,0,0,0,3,17,0,2020-1-20
Don Julio,0,0,0,0,0,0,0,0,0,0,0,3,17,0,2020-1-20
Mercadito Margarita Don Julio,0,0,0,0,0,0,0,0,0,0,0,3,17,0,2020-1-20
Cadillac Margarita Don Julio,0,0,0,0,0,0,0,0,0,0,0,3,17,0,2020-1-20
Paloma Don Julio añejo,0,0,0,0,0,0,0,0,0,1,0,3,11,0,2020-1-21
Don Julio,0,0,0,0,0,0,0,0,0,1,0,3,11,0,2020-1-21
Mercadito Margarita Don Julio,0,0,0,0,0,0,0,0,0,1,0,3,11,0,2020-1-21
Cadillac Margarita Don Julio,0,0,0,0,0,0,0,0,0,1,0,3,11,0,2020-1-21
Don Julio,2.0,0.0,24.0,0.0,-0.0,24.0,4.03,12.0,0.0,0,0,2,13,0.0,2020-1-13
Paloma Don Julio añejo,0,0,0,0,0,0,0,0,0,0,0,2,13,0,2020-1-13
Mercadito Margarita Don Julio,0,0,0,0,0,0,0,0,0,0,0,2,13,0,2020-1-13
Cadillac Margarita Don Julio,0,0,0,0,0,0,0,0,0,0,0,2,13,0,2020-1-13
Mercadito Margarita Don Julio,1.0,0.0,14.0,0.0,-0.0,14.0,0.48,14.0,0.0,6,0,2,15,14.0,2020-1-12
Paloma Don Julio añejo,0,0,0,0,0,0,0,0,0,6,0,2,15,0,2020-1-12
Don Julio,0,0,0,0,0,0,0,0,0,6,0,2,15,0,2020-1-12
Cadillac Margarita Don Julio,0,0,0,0,0,0,0,0,0,6,0,2,15,0,2020-1-12
Don Julio,4.0,0.0,52.0,0.0,-0.0,52.0,13.12,13.0,0.0,0,0,4,19,0.0,2020-1-27
Paloma Don Julio añejo,0,0,0,0,0,0,0,0,0,0,0,4,19,0,2020-1-27
Mercadito Margarita Don Julio,0,0,0,0,0,0,0,0,0,0,0,4,19,0,2020-1-27
Cadillac Margarita Don Julio,0,0,0,0,0,0,0,0,0,0,0,4,19,0,2020-1-27
Paloma Don Julio añejo,0,0,0,0,0,0,0,0,0,6,0,4,19,0,2020-1-26
Don Julio,0,0,0,0,0,0,0,0,0,6,0,4,19,0,2020-1-26
Mercadito Margarita Don Julio,0,0,0,0,0,0,0,0,0,6,0,4,19,0,2020-1-26
Cadillac Margarita Don Julio,0,0,0,0,0,0,0,0,0,6,0,4,19,0,2020-1-26
Paloma Don Julio añejo,0,0,0,0,0,0,0,0,0,6,0,3,19,0,2020-1-19
Don Julio,0,0,0,0,0,0,0,0,0,6,0,3,19,0,2020-1-19
Mercadito Margarita Don Julio,0,0,0,0,0,0,0,0,0,6,0,3,19,0,2020-1-19
Cadillac Margarita Don Julio,0,0,0,0,0,0,0,0,0,6,0,3,19,0,2020-1-19
Mercadito Margarita Don Julio,1.0,0.0,14.0,0.0,-0.0,14.0,0.81,14.0,0.0,5,1,3,17,14.0,2020-1-18
Paloma Don Julio añejo,0,0,0,0,0,0,0,0,0,5,1,3,17,0,2020-1-18
Don Julio,0,0,0,0,0,0,0,0,0,5,1,3,17,0,2020-1-18
Cadillac Margarita Don Julio,0,0,0,0,0,0,0,0,0,5,1,3,17,0,2020-1-18
Paloma Don Julio añejo,0,0,0,0,0,0,0,0,0,5,1,1,18,0,2020-1-4
Don Julio,0,0,0,0,0,0,0,0,0,5,1,1,18,0,2020-1-4
Mercadito Margarita Don Julio,0,0,0,0,0,0,0,0,0,5,1,1,18,0,2020-1-4
Cadillac Margarita Don Julio,0,0,0,0,0,0,0,0,0,5,1,1,18,0,2020-1-4
Mercadito Margarita Don Julio,3.0,0.0,42.0,0.0,-0.0,42.0,2.05,14.0,0.0,6,0,1,17,42.0,2020-1-5
Paloma Don Julio añejo,0,0,0,0,0,0,0,0,0,6,0,1,17,0,2020-1-5
Don Julio,0,0,0,0,0,0,0,0,0,6,0,1,17,0,2020-1-5
Cadillac Margarita Don Julio,0,0,0,0,0,0,0,0,0,6,0,1,17,0,2020-1-5
Paloma Don Julio añejo,0,0,0,0,0,0,0,0,0,3,0,5,18,0,2020-1-30
Don Julio,0,0,0,0,0,0,0,0,0,3,0,5,18,0,2020-1-30
Mercadito Margarita Don Julio,0,0,0,0,0,0,0,0,0,3,0,5,18,0,2020-1-30
Cadillac Margarita Don Julio,0,0,0,0,0,0,0,0,0,3,0,5,18,0,2020-1-30
Paloma Don Julio añejo,0,0,0,0,0,0,0,0,0,4,0,5,21,0,2020-1-31
Don Julio,0,0,0,0,0,0,0,0,0,4,0,5,21,0,2020-1-31
Mercadito Margarita Don Julio,0,0,0,0,0,0,0,0,0,4,0,5,21,0,2020-1-31
Cadillac Margarita Don Julio,0,0,0,0,0,0,0,0,0,4,0,5,21,0,2020-1-31
Paloma Don Julio añejo,0,0,0,0,0,0,0,0,0,3,0,4,19,0,2020-1-23
Don Julio,0,0,0,0,0,0,0,0,0,3,0,4,19,0,2020-1-23
Mercadito Margarita Don Julio,0,0,0,0,0,0,0,0,0,3,0,4,19,0,2020-1-23
Cadillac Margarita Don Julio,0,0,0,0,0,0,0,0,0,3,0,4,19,0,2020-1-23
Paloma Don Julio añejo,0,0,0,0,0,0,0,0,0,2,0,4,14,0,2020-1-22
Don Julio,0,0,0,0,0,0,0,0,0,2,0,4,14,0,2020-1-22
Mercadito Margarita Don Julio,0,0,0,0,0,0,0,0,0,2,0,4,14,0,2020-1-22
Cadillac Margarita Don Julio,0,0,0,0,0,0,0,0,0,2,0,4,14,0,2020-1-22
Paloma Don Julio añejo,0,0,0,0,0,0,0,0,0,2,0,5,17,0,2020-1-29
Don Julio,0,0,0,0,0,0,0,0,0,2,0,5,17,0,2020-1-29
Mercadito Margarita Don Julio,0,0,0,0,0,0,0,0,0,2,0,5,17,0,2020-1-29
Cadillac Margarita Don Julio,0,0,0,0,0,0,0,0,0,2,0,5,17,0,2020-1-29
Don Julio,2.0,0.0,24.0,0.0,-0.0,24.0,2.06,12.0,0.0,1,0,4,21,0.0,2020-1-28
Paloma Don Julio añejo,0,0,0,0,0,0,0,0,0,1,0,4,21,0,2020-1-28
Mercadito Margarita Don Julio,0,0,0,0,0,0,0,0,0,1,0,4,21,0,2020-1-28
Cadillac Margarita Don Julio,0,0,0,0,0,0,0,0,0,1,0,4,21,0,2020-1-28
Don Julio,1.0,0.0,12.0,0.0,-0.0,12.0,0.77,12.0,0.0,4,0,3,12,0.0,2020-1-17
Paloma Don Julio añejo,0,0,0,0,0,0,0,0,0,4,0,3,12,0,2020-1-17
Mercadito Margarita Don Julio,0,0,0,0,0,0,0,0,0,4,0,3,12,0,2020-1-17
Cadillac Margarita Don Julio,0,0,0,0,0,0,0,0,0,4,0,3,12,0,2020-1-17
Paloma Don Julio añejo,0,0,0,0,0,0,0,0,0,3,0,3,14,0,2020-1-16
Don Julio,0,0,0,0,0,0,0,0,0,3,0,3,14,0,2020-1-16
Mercadito Margarita Don Julio,0,0,0,0,0,0,0,0,0,3,0,3,14,0,2020-1-16
Cadillac Margarita Don Julio,0,0,0,0,0,0,0,0,0,3,0,3,14,0,2020-1-16
Paloma Don Julio añejo,0,0,0,0,0,0,0,0,0,2,0,1,16,0,2020-1-1
Don Julio,0,0,0,0,0,0,0,0,0,2,0,1,16,0,2020-1-1
Mercadito Margarita Don Julio,0,0,0,0,0,0,0,0,0,2,0,1,16,0,2020-1-1
Cadillac Margarita Don Julio,0,0,0,0,0,0,0,0,0,2,0,1,16,0,2020-1-1
Paloma Don Julio añejo,0,0,0,0,0,0,0,0,0,1,0,1,19,0,2020-1-7
Don Julio,0,0,0,0,0,0,0,0,0,1,0,1,19,0,2020-1-7
Mercadito Margarita Don Julio,0,0,0,0,0,0,0,0,0,1,0,1,19,0,2020-1-7
Cadillac Margarita Don Julio,0,0,0,0,0,0,0,0,0,1,0,1,19,0,2020-1-7
Don Julio,3.0,0.0,36.0,0.0,-0.0,36.0,2.56,12.0,0.0,0,0,1,19,0.0,2020-1-6
Mercadito Margarita Don Julio,1.0,0.0,14.0,0.0,-0.0,14.0,1.0,14.0,0.0,0,0,1,19,14.0,2020-1-6
Paloma Don Julio añejo,0,0,0,0,0,0,0,0,0,0,0,1,19,0,2020-1-6
Cadillac Margarita Don Julio,0,0,0,0,0,0,0,0,0,0,0,1,19,0,2020-1-6
Paloma Don Julio añejo,0,0,0,0,0,0,0,0,0,4,0,4,21,0,2020-1-24
Don Julio,0,0,0,0,0,0,0,0,0,4,0,4,21,0,2020-1-24
Mercadito Margarita Don Julio,0,0,0,0,0,0,0,0,0,4,0,4,21,0,2020-1-24
Cadillac Margarita Don Julio,0,0,0,0,0,0,0,0,0,4,0,4,21,0,2020-1-24
Paloma Don Julio añejo,0,0,0,0,0,0,0,0,0,5,1,4,22,0,2020-1-25
Don Julio,0,0,0,0,0,0,0,0,0,5,1,4,22,0,2020-1-25
Mercadito Margarita Don Julio,0,0,0,0,0,0,0,0,0,5,1,4,22,0,2020-1-25
Cadillac Margarita Don Julio,0,0,0,0,0,0,0,0,0,5,1,4,22,0,2020-1-25
Paloma Don Julio añejo,0,0,0,0,0,0,0,0,0,4,0,2,15,0,2020-1-10
Don Julio,0,0,0,0,0,0,0,0,0,4,0,2,15,0,2020-1-10
Mercadito Margarita Don Julio,0,0,0,0,0,0,0,0,0,4,0,2,15,0,2020-1-10
Cadillac Margarita Don Julio,0,0,0,0,0,0,0,0,0,4,0,2,15,0,2020-1-10
Don Julio,2.0,0.0,24.0,0.0,-0.0,24.0,1.23,12.0,0.0,5,1,2,16,0.0,2020-1-11
Paloma Don Julio añejo,0,0,0,0,0,0,0,0,0,5,1,2,16,0,2020-1-11
Mercadito Margarita Don Julio,0,0,0,0,0,0,0,0,0,5,1,2,16,0,2020-1-11
Cadillac Margarita Don Julio,0,0,0,0,0,0,0,0,0,5,1,2,16,0,2020-1-11
