Name,Sold,Refunded,Gross Sales,Discounts,Refunds,Net Sales,% Net Sales,Avg Net Sales,COGS,Day of Week,Weekend,Week of Month,Day Temperature Cel,Gross Profit,Date
Kids 2 eggs scrambled with ham,0,0,0,0,0,0,0,0,0,1,0,1,21,0,2019-10-1
Kids 2 eggs scrambled with ham,0,0,0,0,0,0,0,0,0,2,0,4,32,0,2019-10-23
Kids 2 eggs scrambled with ham,0,0,0,0,0,0,0,0,0,1,0,4,32,0,2019-10-22
Kids 2 eggs scrambled with ham,0,0,0,0,0,0,0,0,0,1,0,5,21,0,2019-10-29
Kids 2 eggs scrambled with ham,0,0,0,0,0,0,0,0,0,0,0,4,20,0,2019-10-28
Kids 2 eggs scrambled with ham,0,0,0,0,0,0,0,0,0,3,0,3,25,0,2019-10-17
Kids 2 eggs scrambled with ham,0,0,0,0,0,0,0,0,0,2,0,3,29,0,2019-10-16
Kids 2 eggs scrambled with ham,0,0,0,0,0,0,0,0,0,3,0,4,31,0,2019-10-24
Kids 2 eggs scrambled with ham,0,0,0,0,0,0,0,0,0,4,0,4,31,0,2019-10-25
Kids 2 eggs scrambled with ham,0,0,0,0,0,0,0,0,0,3,0,2,24,0,2019-10-10
Kids 2 eggs scrambled with ham,0,0,0,0,0,0,0,0,0,4,0,2,27,0,2019-10-11
Kids 2 eggs scrambled with ham,0,0,0,0,0,0,0,0,0,0,0,1,32,0,2019-10-7
Kids 2 eggs scrambled with ham,0,0,0,0,0,0,0,0,0,6,0,1,32,0,2019-10-6
Kids 2 eggs scrambled with ham,0,0,0,0,0,0,0,0,0,0,0,2,22,0,2019-10-14
Kids 2 eggs scrambled with ham,0,0,0,0,0,0,0,0,0,1,0,3,29,0,2019-10-15
Kids 2 eggs scrambled with ham,0,0,0,0,0,0,0,0,0,6,0,3,27,0,2019-10-20
Kids 2 eggs scrambled with ham,0,0,0,0,0,0,0,0,0,0,0,3,31,0,2019-10-21
Kids 2 eggs scrambled with ham,0,0,0,0,0,0,0,0,0,3,0,1,27,0,2019-10-3
Kids 2 eggs scrambled with ham,0,0,0,0,0,0,0,0,0,2,0,1,27,0,2019-10-2
Kids 2 eggs scrambled with ham,0,0,0,0,0,0,0,0,0,2,0,2,25,0,2019-10-9
Kids 2 eggs scrambled with ham,0,0,0,0,0,0,0,0,0,1,0,2,29,0,2019-10-8
Kids 2 eggs scrambled with ham,0,0,0,0,0,0,0,0,0,4,0,1,26,0,2019-10-4
Kids 2 eggs scrambled with ham,0,0,0,0,0,0,0,0,0,5,1,1,30,0,2019-10-5
Kids 2 eggs scrambled with ham,0,0,0,0,0,0,0,0,0,2,0,5,18,0,2019-10-30
Kids 2 eggs scrambled with ham,0,0,0,0,0,0,0,0,0,3,0,5,20,0,2019-10-31
Kids 2 eggs scrambled with ham,0,0,0,0,0,0,0,0,0,6,0,2,26,0,2019-10-13
Kids 2 eggs scrambled with ham,0,0,0,0,0,0,0,0,0,5,1,2,28,0,2019-10-12
Kids 2 eggs scrambled with ham,0,0,0,0,0,0,0,0,0,6,0,4,22,0,2019-10-27
Kids 2 eggs scrambled with ham,0,0,0,0,0,0,0,0,0,5,1,4,30,0,2019-10-26
Kids 2 eggs scrambled with ham,0,0,0,0,0,0,0,0,0,5,1,3,26,0,2019-10-19
Kids 2 eggs scrambled with ham,0,0,0,0,0,0,0,0,0,4,0,3,23,0,2019-10-18
Kids 2 eggs scrambled with ham,0,0,0,0,0,0,0,0,0,3,0,1,15,0,2019-12-5
Kids 2 eggs scrambled with ham,0,0,0,0,0,0,0,0,0,2,0,1,11,0,2019-12-4
Kids 2 eggs scrambled with ham,0,0,0,0,0,0,0,0,0,1,0,5,15,0,2019-12-31
Kids 2 eggs scrambled with ham,0,0,0,0,0,0,0,0,0,0,0,5,11,0,2019-12-30
Kids 2 eggs scrambled with ham,0,0,0,0,0,0,0,0,0,3,0,2,19,0,2019-12-12
Kids 2 eggs scrambled with ham,0,0,0,0,0,0,0,0,0,4,0,2,22,0,2019-12-13
Kids 2 eggs scrambled with ham,0,0,0,0,0,0,0,0,0,3,0,4,6,0,2019-12-26
Kids 2 eggs scrambled with ham,0,0,0,0,0,0,0,0,0,4,0,4,11,0,2019-12-27
Kids 2 eggs scrambled with ham,0,0,0,0,0,0,0,0,0,2,0,3,12,0,2019-12-18
Kids 2 eggs scrambled with ham,0,0,0,0,0,0,0,0,0,3,0,3,15,0,2019-12-19
Kids 2 eggs scrambled with ham,0,0,0,0,0,0,0,0,0,6,0,3,14,0,2019-12-15
Kids 2 eggs scrambled with ham,1.0,0.0,8.95,0.0,-0.0,8.95,0.4,8.95,0.0,5,1,2,15,0.0,2019-12-14
Kids 2 eggs scrambled with ham,0,0,0,0,0,0,0,0,0,5,1,3,18,0,2019-12-21
Kids 2 eggs scrambled with ham,0,0,0,0,0,0,0,0,0,4,0,3,17,0,2019-12-20
Kids 2 eggs scrambled with ham,0,0,0,0,0,0,0,0,0,0,0,1,17,0,2019-12-2
Kids 2 eggs scrambled with ham,0,0,0,0,0,0,0,0,0,1,0,1,18,0,2019-12-3
Kids 2 eggs scrambled with ham,0,0,0,0,0,0,0,0,0,6,0,2,15,0,2019-12-8
Kids 2 eggs scrambled with ham,0,0,0,0,0,0,0,0,0,0,0,2,16,0,2019-12-9
Kids 2 eggs scrambled with ham,0,0,0,0,0,0,0,0,0,2,0,4,9,0,2019-12-25
Kids 2 eggs scrambled with ham,0,0,0,0,0,0,0,0,0,1,0,4,12,0,2019-12-24
Kids 2 eggs scrambled with ham,0,0,0,0,0,0,0,0,0,2,0,2,18,0,2019-12-11
Kids 2 eggs scrambled with ham,0,0,0,0,0,0,0,0,0,1,0,2,16,0,2019-12-10
Kids 2 eggs scrambled with ham,0,0,0,0,0,0,0,0,0,4,0,1,18,0,2019-12-6
Kids 2 eggs scrambled with ham,0,0,0,0,0,0,0,0,0,5,1,1,16,0,2019-12-7
Kids 2 eggs scrambled with ham,0,0,0,0,0,0,0,0,0,6,0,1,14,0,2019-12-1
Kids 2 eggs scrambled with ham,0,0,0,0,0,0,0,0,0,6,0,4,17,0,2019-12-22
Kids 2 eggs scrambled with ham,0,0,0,0,0,0,0,0,0,0,0,4,9,0,2019-12-23
Kids 2 eggs scrambled with ham,0,0,0,0,0,0,0,0,0,5,1,4,13,0,2019-12-28
Kids 2 eggs scrambled with ham,0,0,0,0,0,0,0,0,0,6,0,5,12,0,2019-12-29
Kids 2 eggs scrambled with ham,0,0,0,0,0,0,0,0,0,0,0,3,15,0,2019-12-16
Kids 2 eggs scrambled with ham,0,0,0,0,0,0,0,0,0,1,0,3,12,0,2019-12-17
Kids 2 eggs scrambled with ham,0,0,0,0,0,0,0,0,0,1,0,1,9,0,2020-2-4
Kids 2 eggs scrambled with ham,0,0,0,0,0,0,0,0,0,2,0,1,12,0,2020-2-5
Kids 2 eggs scrambled with ham,0,0,0,0,0,0,0,0,0,2,0,3,19,0,2020-2-19
Kids 2 eggs scrambled with ham,0,0,0,0,0,0,0,0,0,1,0,3,19,0,2020-2-18
Kids 2 eggs scrambled with ham,0,0,0,0,0,0,0,0,0,3,0,4,24,0,2020-2-27
Kids 2 eggs scrambled with ham,0,0,0,0,0,0,0,0,0,2,0,4,21,0,2020-2-26
Kids 2 eggs scrambled with ham,0,0,0,0,0,0,0,0,0,3,0,2,17,0,2020-2-13
Kids 2 eggs scrambled with ham,0,0,0,0,0,0,0,0,0,2,0,2,15,0,2020-2-12
Kids 2 eggs scrambled with ham,0,0,0,0,0,0,0,0,0,3,0,3,23,0,2020-2-20
Kids 2 eggs scrambled with ham,0,0,0,0,0,0,0,0,0,4,0,3,24,0,2020-2-21
Kids 2 eggs scrambled with ham,0,0,0,0,0,0,0,0,0,4,0,2,18,0,2020-2-14
Kids 2 eggs scrambled with ham,0,0,0,0,0,0,0,0,0,5,1,3,18,0,2020-2-15
Kids 2 eggs scrambled with ham,0,0,0,0,0,0,0,0,0,6,0,2,10,0,2020-2-9
Kids 2 eggs scrambled with ham,0,0,0,0,0,0,0,0,0,5,1,2,20,0,2020-2-8
Kids 2 eggs scrambled with ham,0,0,0,0,0,0,0,0,0,0,0,1,11,0,2020-2-3
Kids 2 eggs scrambled with ham,0,0,0,0,0,0,0,0,0,6,0,1,21,0,2020-2-2
Kids 2 eggs scrambled with ham,0,0,0,0,0,0,0,0,0,0,0,2,13,0,2020-2-10
Kids 2 eggs scrambled with ham,0,0,0,0,0,0,0,0,0,1,0,2,16,0,2020-2-11
Kids 2 eggs scrambled with ham,0,0,0,0,0,0,0,0,0,0,0,4,20,0,2020-2-24
Kids 2 eggs scrambled with ham,0,0,0,0,0,0,0,0,0,1,0,4,25,0,2020-2-25
Kids 2 eggs scrambled with ham,0,0,0,0,0,0,0,0,0,4,0,1,19,0,2020-2-7
Kids 2 eggs scrambled with ham,0,0,0,0,0,0,0,0,0,3,0,1,14,0,2020-2-6
Kids 2 eggs scrambled with ham,0,0,0,0,0,0,0,0,0,5,1,1,24,0,2020-2-1
Kids 2 eggs scrambled with ham,0,0,0,0,0,0,0,0,0,0,0,3,19,0,2020-2-17
Kids 2 eggs scrambled with ham,0,0,0,0,0,0,0,0,0,6,0,3,20,0,2020-2-16
Kids 2 eggs scrambled with ham,0,0,0,0,0,0,0,0,0,5,1,5,19,0,2020-2-29
Kids 2 eggs scrambled with ham,0,0,0,0,0,0,0,0,0,4,0,4,23,0,2020-2-28
Kids 2 eggs scrambled with ham,0,0,0,0,0,0,0,0,0,6,0,4,14,0,2020-2-23
Kids 2 eggs scrambled with ham,0,0,0,0,0,0,0,0,0,5,1,4,14,0,2020-2-22
Kids 2 eggs scrambled with ham,0,0,0,0,0,0,0,0,0,4,0,1,19,0,2020-1-3
Kids 2 eggs scrambled with ham,0,0,0,0,0,0,0,0,0,3,0,1,17,0,2020-1-2
Kids 2 eggs scrambled with ham,0,0,0,0,0,0,0,0,0,3,0,2,11,0,2020-1-9
Kids 2 eggs scrambled with ham,0,0,0,0,0,0,0,0,0,2,0,2,15,0,2020-1-8
Kids 2 eggs scrambled with ham,0,0,0,0,0,0,0,0,0,1,0,2,15,0,2020-1-14
Kids 2 eggs scrambled with ham,0,0,0,0,0,0,0,0,0,2,0,3,15,0,2020-1-15
Kids 2 eggs scrambled with ham,0,0,0,0,0,0,0,0,0,0,0,3,17,0,2020-1-20
Kids 2 eggs scrambled with ham,0,0,0,0,0,0,0,0,0,1,0,3,11,0,2020-1-21
Kids 2 eggs scrambled with ham,0,0,0,0,0,0,0,0,0,0,0,2,13,0,2020-1-13
Kids 2 eggs scrambled with ham,0,0,0,0,0,0,0,0,0,6,0,2,15,0,2020-1-12
Kids 2 eggs scrambled with ham,0,0,0,0,0,0,0,0,0,0,0,4,19,0,2020-1-27
Kids 2 eggs scrambled with ham,0,0,0,0,0,0,0,0,0,6,0,4,19,0,2020-1-26
Kids 2 eggs scrambled with ham,0,0,0,0,0,0,0,0,0,6,0,3,19,0,2020-1-19
Kids 2 eggs scrambled with ham,0,0,0,0,0,0,0,0,0,5,1,3,17,0,2020-1-18
Kids 2 eggs scrambled with ham,0,0,0,0,0,0,0,0,0,5,1,1,18,0,2020-1-4
Kids 2 eggs scrambled with ham,0,0,0,0,0,0,0,0,0,6,0,1,17,0,2020-1-5
Kids 2 eggs scrambled with ham,0,0,0,0,0,0,0,0,0,3,0,5,18,0,2020-1-30
Kids 2 eggs scrambled with ham,0,0,0,0,0,0,0,0,0,4,0,5,21,0,2020-1-31
Kids 2 eggs scrambled with ham,0,0,0,0,0,0,0,0,0,3,0,4,19,0,2020-1-23
Kids 2 eggs scrambled with ham,0,0,0,0,0,0,0,0,0,2,0,4,14,0,2020-1-22
Kids 2 eggs scrambled with ham,0,0,0,0,0,0,0,0,0,2,0,5,17,0,2020-1-29
Kids 2 eggs scrambled with ham,0,0,0,0,0,0,0,0,0,1,0,4,21,0,2020-1-28
Kids 2 eggs scrambled with ham,0,0,0,0,0,0,0,0,0,4,0,3,12,0,2020-1-17
Kids 2 eggs scrambled with ham,0,0,0,0,0,0,0,0,0,3,0,3,14,0,2020-1-16
Kids 2 eggs scrambled with ham,0,0,0,0,0,0,0,0,0,2,0,1,16,0,2020-1-1
Kids 2 eggs scrambled with ham,0,0,0,0,0,0,0,0,0,1,0,1,19,0,2020-1-7
Kids 2 eggs scrambled with ham,0,0,0,0,0,0,0,0,0,0,0,1,19,0,2020-1-6
Kids 2 eggs scrambled with ham,0,0,0,0,0,0,0,0,0,4,0,4,21,0,2020-1-24
Kids 2 eggs scrambled with ham,0,0,0,0,0,0,0,0,0,5,1,4,22,0,2020-1-25
Kids 2 eggs scrambled with ham,0,0,0,0,0,0,0,0,0,4,0,2,15,0,2020-1-10
Kids 2 eggs scrambled with ham,0,0,0,0,0,0,0,0,0,5,1,2,16,0,2020-1-11
