Name,Sold,Refunded,Gross Sales,Discounts,Refunds,Net Sales,% Net Sales,Avg Net Sales,COGS,Day of Week,Weekend,Week of Month,Day Temperature Cel,Gross Profit,Date
mango Cadillac margarita,0,0,0,0,0,0,0,0,0,1,0,1,21,0,2019-10-1
mango Cadillac margarita,0,0,0,0,0,0,0,0,0,2,0,4,32,0,2019-10-23
mango Cadillac margarita,0,0,0,0,0,0,0,0,0,1,0,4,32,0,2019-10-22
mango Cadillac margarita,0,0,0,0,0,0,0,0,0,1,0,5,21,0,2019-10-29
mango Cadillac margarita,0,0,0,0,0,0,0,0,0,0,0,4,20,0,2019-10-28
mango Cadillac margarita,0,0,0,0,0,0,0,0,0,3,0,3,25,0,2019-10-17
mango Cadillac margarita,0,0,0,0,0,0,0,0,0,2,0,3,29,0,2019-10-16
mango Cadillac margarita,0,0,0,0,0,0,0,0,0,3,0,4,31,0,2019-10-24
mango Cadillac margarita,0,0,0,0,0,0,0,0,0,4,0,4,31,0,2019-10-25
mango Cadillac margarita,0,0,0,0,0,0,0,0,0,3,0,2,24,0,2019-10-10
mango Cadillac margarita,0,0,0,0,0,0,0,0,0,4,0,2,27,0,2019-10-11
mango Cadillac margarita,0,0,0,0,0,0,0,0,0,0,0,1,32,0,2019-10-7
mango Cadillac margarita,0,0,0,0,0,0,0,0,0,6,0,1,32,0,2019-10-6
mango Cadillac margarita,0,0,0,0,0,0,0,0,0,0,0,2,22,0,2019-10-14
mango Cadillac margarita,0,0,0,0,0,0,0,0,0,1,0,3,29,0,2019-10-15
mango Cadillac margarita,0,0,0,0,0,0,0,0,0,6,0,3,27,0,2019-10-20
mango Cadillac margarita,0,0,0,0,0,0,0,0,0,0,0,3,31,0,2019-10-21
mango Cadillac margarita,0,0,0,0,0,0,0,0,0,3,0,1,27,0,2019-10-3
mango Cadillac margarita,0,0,0,0,0,0,0,0,0,2,0,1,27,0,2019-10-2
mango Cadillac margarita,0,0,0,0,0,0,0,0,0,2,0,2,25,0,2019-10-9
mango Cadillac margarita,0,0,0,0,0,0,0,0,0,1,0,2,29,0,2019-10-8
mango Cadillac margarita,0,0,0,0,0,0,0,0,0,4,0,1,26,0,2019-10-4
mango Cadillac margarita,0,0,0,0,0,0,0,0,0,5,1,1,30,0,2019-10-5
mango Cadillac margarita,0,0,0,0,0,0,0,0,0,2,0,5,18,0,2019-10-30
mango Cadillac margarita,0,0,0,0,0,0,0,0,0,3,0,5,20,0,2019-10-31
mango Cadillac margarita,0,0,0,0,0,0,0,0,0,6,0,2,26,0,2019-10-13
mango Cadillac margarita,0,0,0,0,0,0,0,0,0,5,1,2,28,0,2019-10-12
mango Cadillac margarita,0,0,0,0,0,0,0,0,0,6,0,4,22,0,2019-10-27
mango Cadillac margarita,0,0,0,0,0,0,0,0,0,5,1,4,30,0,2019-10-26
mango Cadillac margarita,0,0,0,0,0,0,0,0,0,5,1,3,26,0,2019-10-19
mango Cadillac margarita,0,0,0,0,0,0,0,0,0,4,0,3,23,0,2019-10-18
mango Cadillac margarita,0,0,0,0,0,0,0,0,0,3,0,1,15,0,2019-12-5
mango Cadillac margarita,0,0,0,0,0,0,0,0,0,2,0,1,11,0,2019-12-4
mango Cadillac margarita,0,0,0,0,0,0,0,0,0,1,0,5,15,0,2019-12-31
mango Cadillac margarita,0,0,0,0,0,0,0,0,0,0,0,5,11,0,2019-12-30
mango Cadillac margarita,0,0,0,0,0,0,0,0,0,3,0,2,19,0,2019-12-12
mango Cadillac margarita,0,0,0,0,0,0,0,0,0,4,0,2,22,0,2019-12-13
mango Cadillac margarita,0,0,0,0,0,0,0,0,0,3,0,4,6,0,2019-12-26
mango Cadillac margarita,2.0,0.0,16.0,0.0,-0.0,16.0,1.36,8.0,0.0,4,0,4,11,0.0,2019-12-27
mango Cadillac margarita,0,0,0,0,0,0,0,0,0,2,0,3,12,0,2019-12-18
mango Cadillac margarita,0,0,0,0,0,0,0,0,0,3,0,3,15,0,2019-12-19
mango Cadillac margarita,0,0,0,0,0,0,0,0,0,6,0,3,14,0,2019-12-15
mango Cadillac margarita,0,0,0,0,0,0,0,0,0,5,1,2,15,0,2019-12-14
mango Cadillac margarita,0,0,0,0,0,0,0,0,0,5,1,3,18,0,2019-12-21
mango Cadillac margarita,0,0,0,0,0,0,0,0,0,4,0,3,17,0,2019-12-20
mango Cadillac margarita,0,0,0,0,0,0,0,0,0,0,0,1,17,0,2019-12-2
mango Cadillac margarita,0,0,0,0,0,0,0,0,0,1,0,1,18,0,2019-12-3
mango Cadillac margarita,0,0,0,0,0,0,0,0,0,6,0,2,15,0,2019-12-8
mango Cadillac margarita,0,0,0,0,0,0,0,0,0,0,0,2,16,0,2019-12-9
mango Cadillac margarita,0,0,0,0,0,0,0,0,0,2,0,4,9,0,2019-12-25
mango Cadillac margarita,0,0,0,0,0,0,0,0,0,1,0,4,12,0,2019-12-24
mango Cadillac margarita,0,0,0,0,0,0,0,0,0,2,0,2,18,0,2019-12-11
mango Cadillac margarita,0,0,0,0,0,0,0,0,0,1,0,2,16,0,2019-12-10
mango Cadillac margarita,0,0,0,0,0,0,0,0,0,4,0,1,18,0,2019-12-6
mango Cadillac margarita,0,0,0,0,0,0,0,0,0,5,1,1,16,0,2019-12-7
mango Cadillac margarita,0,0,0,0,0,0,0,0,0,6,0,1,14,0,2019-12-1
mango Cadillac margarita,0,0,0,0,0,0,0,0,0,6,0,4,17,0,2019-12-22
mango Cadillac margarita,0,0,0,0,0,0,0,0,0,0,0,4,9,0,2019-12-23
mango Cadillac margarita,0,0,0,0,0,0,0,0,0,5,1,4,13,0,2019-12-28
mango Cadillac margarita,0,0,0,0,0,0,0,0,0,6,0,5,12,0,2019-12-29
mango Cadillac margarita,0,0,0,0,0,0,0,0,0,0,0,3,15,0,2019-12-16
mango Cadillac margarita,0,0,0,0,0,0,0,0,0,1,0,3,12,0,2019-12-17
mango Cadillac margarita,0,0,0,0,0,0,0,0,0,1,0,1,9,0,2020-2-4
mango Cadillac margarita,0,0,0,0,0,0,0,0,0,2,0,1,12,0,2020-2-5
mango Cadillac margarita,0,0,0,0,0,0,0,0,0,2,0,3,19,0,2020-2-19
mango Cadillac margarita,0,0,0,0,0,0,0,0,0,1,0,3,19,0,2020-2-18
mango Cadillac margarita,0,0,0,0,0,0,0,0,0,3,0,4,24,0,2020-2-27
mango Cadillac margarita,0,0,0,0,0,0,0,0,0,2,0,4,21,0,2020-2-26
mango Cadillac margarita,0,0,0,0,0,0,0,0,0,3,0,2,17,0,2020-2-13
mango Cadillac margarita,0,0,0,0,0,0,0,0,0,2,0,2,15,0,2020-2-12
mango Cadillac margarita,0,0,0,0,0,0,0,0,0,3,0,3,23,0,2020-2-20
mango Cadillac margarita,0,0,0,0,0,0,0,0,0,4,0,3,24,0,2020-2-21
mango Cadillac margarita,0,0,0,0,0,0,0,0,0,4,0,2,18,0,2020-2-14
mango Cadillac margarita,0,0,0,0,0,0,0,0,0,5,1,3,18,0,2020-2-15
mango Cadillac margarita,0,0,0,0,0,0,0,0,0,6,0,2,10,0,2020-2-9
mango Cadillac margarita,0,0,0,0,0,0,0,0,0,5,1,2,20,0,2020-2-8
mango Cadillac margarita,0,0,0,0,0,0,0,0,0,0,0,1,11,0,2020-2-3
mango Cadillac margarita,0,0,0,0,0,0,0,0,0,6,0,1,21,0,2020-2-2
mango Cadillac margarita,0,0,0,0,0,0,0,0,0,0,0,2,13,0,2020-2-10
mango Cadillac margarita,0,0,0,0,0,0,0,0,0,1,0,2,16,0,2020-2-11
mango Cadillac margarita,0,0,0,0,0,0,0,0,0,0,0,4,20,0,2020-2-24
mango Cadillac margarita,0,0,0,0,0,0,0,0,0,1,0,4,25,0,2020-2-25
mango Cadillac margarita,0,0,0,0,0,0,0,0,0,4,0,1,19,0,2020-2-7
mango Cadillac margarita,0,0,0,0,0,0,0,0,0,3,0,1,14,0,2020-2-6
mango Cadillac margarita,0,0,0,0,0,0,0,0,0,5,1,1,24,0,2020-2-1
mango Cadillac margarita,0,0,0,0,0,0,0,0,0,0,0,3,19,0,2020-2-17
mango Cadillac margarita,0,0,0,0,0,0,0,0,0,6,0,3,20,0,2020-2-16
mango Cadillac margarita,0,0,0,0,0,0,0,0,0,5,1,5,19,0,2020-2-29
mango Cadillac margarita,0,0,0,0,0,0,0,0,0,4,0,4,23,0,2020-2-28
mango Cadillac margarita,0,0,0,0,0,0,0,0,0,6,0,4,14,0,2020-2-23
mango Cadillac margarita,0,0,0,0,0,0,0,0,0,5,1,4,14,0,2020-2-22
mango Cadillac margarita,0,0,0,0,0,0,0,0,0,4,0,1,19,0,2020-1-3
mango Cadillac margarita,0,0,0,0,0,0,0,0,0,3,0,1,17,0,2020-1-2
mango Cadillac margarita,0,0,0,0,0,0,0,0,0,3,0,2,11,0,2020-1-9
mango Cadillac margarita,0,0,0,0,0,0,0,0,0,2,0,2,15,0,2020-1-8
mango Cadillac margarita,0,0,0,0,0,0,0,0,0,1,0,2,15,0,2020-1-14
mango Cadillac margarita,0,0,0,0,0,0,0,0,0,2,0,3,15,0,2020-1-15
mango Cadillac margarita,0,0,0,0,0,0,0,0,0,0,0,3,17,0,2020-1-20
mango Cadillac margarita,0,0,0,0,0,0,0,0,0,1,0,3,11,0,2020-1-21
mango Cadillac margarita,0,0,0,0,0,0,0,0,0,0,0,2,13,0,2020-1-13
mango Cadillac margarita,0,0,0,0,0,0,0,0,0,6,0,2,15,0,2020-1-12
mango Cadillac margarita,0,0,0,0,0,0,0,0,0,0,0,4,19,0,2020-1-27
mango Cadillac margarita,0,0,0,0,0,0,0,0,0,6,0,4,19,0,2020-1-26
mango Cadillac margarita,0,0,0,0,0,0,0,0,0,6,0,3,19,0,2020-1-19
mango Cadillac margarita,0,0,0,0,0,0,0,0,0,5,1,3,17,0,2020-1-18
mango Cadillac margarita,0,0,0,0,0,0,0,0,0,5,1,1,18,0,2020-1-4
mango Cadillac margarita,0,0,0,0,0,0,0,0,0,6,0,1,17,0,2020-1-5
mango Cadillac margarita,0,0,0,0,0,0,0,0,0,3,0,5,18,0,2020-1-30
mango Cadillac margarita,0,0,0,0,0,0,0,0,0,4,0,5,21,0,2020-1-31
mango Cadillac margarita,0,0,0,0,0,0,0,0,0,3,0,4,19,0,2020-1-23
mango Cadillac margarita,0,0,0,0,0,0,0,0,0,2,0,4,14,0,2020-1-22
mango Cadillac margarita,0,0,0,0,0,0,0,0,0,2,0,5,17,0,2020-1-29
mango Cadillac margarita,0,0,0,0,0,0,0,0,0,1,0,4,21,0,2020-1-28
mango Cadillac margarita,0,0,0,0,0,0,0,0,0,4,0,3,12,0,2020-1-17
mango Cadillac margarita,0,0,0,0,0,0,0,0,0,3,0,3,14,0,2020-1-16
mango Cadillac margarita,0,0,0,0,0,0,0,0,0,2,0,1,16,0,2020-1-1
mango Cadillac margarita,0,0,0,0,0,0,0,0,0,1,0,1,19,0,2020-1-7
mango Cadillac margarita,0,0,0,0,0,0,0,0,0,0,0,1,19,0,2020-1-6
mango Cadillac margarita,0,0,0,0,0,0,0,0,0,4,0,4,21,0,2020-1-24
mango Cadillac margarita,0,0,0,0,0,0,0,0,0,5,1,4,22,0,2020-1-25
mango Cadillac margarita,0,0,0,0,0,0,0,0,0,4,0,2,15,0,2020-1-10
mango Cadillac margarita,0,0,0,0,0,0,0,0,0,5,1,2,16,0,2020-1-11
