Name,Sold,Refunded,Gross Sales,Discounts,Refunds,Net Sales,% Net Sales,Avg Net Sales,COGS,Day of Week,Weekend,Week of Month,Day Temperature Cel,Gross Profit,Date
Midori Melon Daiquiri,0,0,0,0,0,0,0,0,0,1,0,1,21,0,2019-10-1
Midori Melon Daiquiri,0,0,0,0,0,0,0,0,0,2,0,4,32,0,2019-10-23
Midori Melon Daiquiri,0,0,0,0,0,0,0,0,0,1,0,4,32,0,2019-10-22
Midori Melon Daiquiri,0,0,0,0,0,0,0,0,0,1,0,5,21,0,2019-10-29
Midori Melon Daiquiri,0,0,0,0,0,0,0,0,0,0,0,4,20,0,2019-10-28
Midori Melon Daiquiri,0,0,0,0,0,0,0,0,0,3,0,3,25,0,2019-10-17
Midori Melon Daiquiri,0,0,0,0,0,0,0,0,0,2,0,3,29,0,2019-10-16
Midori Melon Daiquiri,0,0,0,0,0,0,0,0,0,3,0,4,31,0,2019-10-24
Midori Melon Daiquiri,0,0,0,0,0,0,0,0,0,4,0,4,31,0,2019-10-25
Midori Melon Daiquiri,0,0,0,0,0,0,0,0,0,3,0,2,24,0,2019-10-10
Midori Melon Daiquiri,0,0,0,0,0,0,0,0,0,4,0,2,27,0,2019-10-11
Midori Melon Daiquiri,0,0,0,0,0,0,0,0,0,0,0,1,32,0,2019-10-7
Midori Melon Daiquiri,0,0,0,0,0,0,0,0,0,6,0,1,32,0,2019-10-6
Midori Melon Daiquiri,0,0,0,0,0,0,0,0,0,0,0,2,22,0,2019-10-14
Midori Melon Daiquiri,0,0,0,0,0,0,0,0,0,1,0,3,29,0,2019-10-15
Midori Melon Daiquiri,0,0,0,0,0,0,0,0,0,6,0,3,27,0,2019-10-20
Midori Melon Daiquiri,0,0,0,0,0,0,0,0,0,0,0,3,31,0,2019-10-21
Midori Melon Daiquiri,0,0,0,0,0,0,0,0,0,3,0,1,27,0,2019-10-3
Midori Melon Daiquiri,0,0,0,0,0,0,0,0,0,2,0,1,27,0,2019-10-2
Midori Melon Daiquiri,0,0,0,0,0,0,0,0,0,2,0,2,25,0,2019-10-9
Midori Melon Daiquiri,0,0,0,0,0,0,0,0,0,1,0,2,29,0,2019-10-8
Midori Melon Daiquiri,0,0,0,0,0,0,0,0,0,4,0,1,26,0,2019-10-4
Midori Melon Daiquiri,0,0,0,0,0,0,0,0,0,5,1,1,30,0,2019-10-5
Midori Melon Daiquiri,0,0,0,0,0,0,0,0,0,2,0,5,18,0,2019-10-30
Midori Melon Daiquiri,0,0,0,0,0,0,0,0,0,3,0,5,20,0,2019-10-31
Midori Melon Daiquiri,0,0,0,0,0,0,0,0,0,6,0,2,26,0,2019-10-13
Midori Melon Daiquiri,0,0,0,0,0,0,0,0,0,5,1,2,28,0,2019-10-12
Midori Melon Daiquiri,0,0,0,0,0,0,0,0,0,6,0,4,22,0,2019-10-27
Midori Melon Daiquiri,0,0,0,0,0,0,0,0,0,5,1,4,30,0,2019-10-26
Midori Melon Daiquiri,0,0,0,0,0,0,0,0,0,5,1,3,26,0,2019-10-19
Midori Melon Daiquiri,0,0,0,0,0,0,0,0,0,4,0,3,23,0,2019-10-18
Midori Melon Daiquiri,0,0,0,0,0,0,0,0,0,3,0,1,15,0,2019-12-5
Midori Melon Daiquiri,0,0,0,0,0,0,0,0,0,2,0,1,11,0,2019-12-4
Midori Melon Daiquiri,0,0,0,0,0,0,0,0,0,1,0,5,15,0,2019-12-31
Midori Melon Daiquiri,0,0,0,0,0,0,0,0,0,0,0,5,11,0,2019-12-30
Midori Melon Daiquiri,0,0,0,0,0,0,0,0,0,3,0,2,19,0,2019-12-12
Midori Melon Daiquiri,0,0,0,0,0,0,0,0,0,4,0,2,22,0,2019-12-13
Midori Melon Daiquiri,0,0,0,0,0,0,0,0,0,3,0,4,6,0,2019-12-26
Midori Melon Daiquiri,0,0,0,0,0,0,0,0,0,4,0,4,11,0,2019-12-27
Midori Melon Daiquiri,0,0,0,0,0,0,0,0,0,2,0,3,12,0,2019-12-18
Midori Melon Daiquiri,0,0,0,0,0,0,0,0,0,3,0,3,15,0,2019-12-19
Midori Melon Daiquiri,0,0,0,0,0,0,0,0,0,6,0,3,14,0,2019-12-15
Midori Melon Daiquiri,0,0,0,0,0,0,0,0,0,5,1,2,15,0,2019-12-14
Midori Melon Daiquiri,0,0,0,0,0,0,0,0,0,5,1,3,18,0,2019-12-21
Midori Melon Daiquiri,0,0,0,0,0,0,0,0,0,4,0,3,17,0,2019-12-20
Midori Melon Daiquiri,0,0,0,0,0,0,0,0,0,0,0,1,17,0,2019-12-2
Midori Melon Daiquiri,0,0,0,0,0,0,0,0,0,1,0,1,18,0,2019-12-3
Midori Melon Daiquiri,0,0,0,0,0,0,0,0,0,6,0,2,15,0,2019-12-8
Midori Melon Daiquiri,0,0,0,0,0,0,0,0,0,0,0,2,16,0,2019-12-9
Midori Melon Daiquiri,0,0,0,0,0,0,0,0,0,2,0,4,9,0,2019-12-25
Midori Melon Daiquiri,0,0,0,0,0,0,0,0,0,1,0,4,12,0,2019-12-24
Midori Melon Daiquiri,0,0,0,0,0,0,0,0,0,2,0,2,18,0,2019-12-11
Midori Melon Daiquiri,0,0,0,0,0,0,0,0,0,1,0,2,16,0,2019-12-10
Midori Melon Daiquiri,0,0,0,0,0,0,0,0,0,4,0,1,18,0,2019-12-6
Midori Melon Daiquiri,0,0,0,0,0,0,0,0,0,5,1,1,16,0,2019-12-7
Midori Melon Daiquiri,0,0,0,0,0,0,0,0,0,6,0,1,14,0,2019-12-1
Midori Melon Daiquiri,0,0,0,0,0,0,0,0,0,6,0,4,17,0,2019-12-22
Midori Melon Daiquiri,0,0,0,0,0,0,0,0,0,0,0,4,9,0,2019-12-23
Midori Melon Daiquiri,0,0,0,0,0,0,0,0,0,5,1,4,13,0,2019-12-28
Midori Melon Daiquiri,0,0,0,0,0,0,0,0,0,6,0,5,12,0,2019-12-29
Midori Melon Daiquiri,0,0,0,0,0,0,0,0,0,0,0,3,15,0,2019-12-16
Midori Melon Daiquiri,0,0,0,0,0,0,0,0,0,1,0,3,12,0,2019-12-17
Midori Melon Daiquiri,0,0,0,0,0,0,0,0,0,1,0,1,9,0,2020-2-4
Midori Melon Daiquiri,0,0,0,0,0,0,0,0,0,2,0,1,12,0,2020-2-5
Midori Melon Daiquiri,0,0,0,0,0,0,0,0,0,2,0,3,19,0,2020-2-19
Midori Melon Daiquiri,0,0,0,0,0,0,0,0,0,1,0,3,19,0,2020-2-18
Midori Melon Daiquiri,0,0,0,0,0,0,0,0,0,3,0,4,24,0,2020-2-27
Midori Melon Daiquiri,0,0,0,0,0,0,0,0,0,2,0,4,21,0,2020-2-26
Midori Melon Daiquiri,0,0,0,0,0,0,0,0,0,3,0,2,17,0,2020-2-13
Midori Melon Daiquiri,0,0,0,0,0,0,0,0,0,2,0,2,15,0,2020-2-12
Midori Melon Daiquiri,0,0,0,0,0,0,0,0,0,3,0,3,23,0,2020-2-20
Midori Melon Daiquiri,0,0,0,0,0,0,0,0,0,4,0,3,24,0,2020-2-21
Midori Melon Daiquiri,0,0,0,0,0,0,0,0,0,4,0,2,18,0,2020-2-14
Midori Melon Daiquiri,0,0,0,0,0,0,0,0,0,5,1,3,18,0,2020-2-15
Midori Melon Daiquiri,0,0,0,0,0,0,0,0,0,6,0,2,10,0,2020-2-9
Midori Melon Daiquiri,0,0,0,0,0,0,0,0,0,5,1,2,20,0,2020-2-8
Midori Melon Daiquiri,0,0,0,0,0,0,0,0,0,0,0,1,11,0,2020-2-3
Midori Melon Daiquiri,0,0,0,0,0,0,0,0,0,6,0,1,21,0,2020-2-2
Midori Melon Daiquiri,0,0,0,0,0,0,0,0,0,0,0,2,13,0,2020-2-10
Midori Melon Daiquiri,0,0,0,0,0,0,0,0,0,1,0,2,16,0,2020-2-11
Midori Melon Daiquiri,0,0,0,0,0,0,0,0,0,0,0,4,20,0,2020-2-24
Midori Melon Daiquiri,0,0,0,0,0,0,0,0,0,1,0,4,25,0,2020-2-25
Midori Melon Daiquiri,0,0,0,0,0,0,0,0,0,4,0,1,19,0,2020-2-7
Midori Melon Daiquiri,0,0,0,0,0,0,0,0,0,3,0,1,14,0,2020-2-6
Midori Melon Daiquiri,0,0,0,0,0,0,0,0,0,5,1,1,24,0,2020-2-1
Midori Melon Daiquiri,0,0,0,0,0,0,0,0,0,0,0,3,19,0,2020-2-17
Midori Melon Daiquiri,0,0,0,0,0,0,0,0,0,6,0,3,20,0,2020-2-16
Midori Melon Daiquiri,0,0,0,0,0,0,0,0,0,5,1,5,19,0,2020-2-29
Midori Melon Daiquiri,0,0,0,0,0,0,0,0,0,4,0,4,23,0,2020-2-28
Midori Melon Daiquiri,0,0,0,0,0,0,0,0,0,6,0,4,14,0,2020-2-23
Midori Melon Daiquiri,0,0,0,0,0,0,0,0,0,5,1,4,14,0,2020-2-22
Midori Melon Daiquiri,0,0,0,0,0,0,0,0,0,4,0,1,19,0,2020-1-3
Midori Melon Daiquiri,0,0,0,0,0,0,0,0,0,3,0,1,17,0,2020-1-2
Midori Melon Daiquiri,0,0,0,0,0,0,0,0,0,3,0,2,11,0,2020-1-9
Midori Melon Daiquiri,0,0,0,0,0,0,0,0,0,2,0,2,15,0,2020-1-8
Midori Melon Daiquiri,0,0,0,0,0,0,0,0,0,1,0,2,15,0,2020-1-14
Midori Melon Daiquiri,0,0,0,0,0,0,0,0,0,2,0,3,15,0,2020-1-15
Midori Melon Daiquiri,0,0,0,0,0,0,0,0,0,0,0,3,17,0,2020-1-20
Midori Melon Daiquiri,0,0,0,0,0,0,0,0,0,1,0,3,11,0,2020-1-21
Midori Melon Daiquiri,0,0,0,0,0,0,0,0,0,0,0,2,13,0,2020-1-13
Midori Melon Daiquiri,0,0,0,0,0,0,0,0,0,6,0,2,15,0,2020-1-12
Midori Melon Daiquiri,0,0,0,0,0,0,0,0,0,0,0,4,19,0,2020-1-27
Midori Melon Daiquiri,0,0,0,0,0,0,0,0,0,6,0,4,19,0,2020-1-26
Midori Melon Daiquiri,0,0,0,0,0,0,0,0,0,6,0,3,19,0,2020-1-19
Midori Melon Daiquiri,0,0,0,0,0,0,0,0,0,5,1,3,17,0,2020-1-18
Midori Melon Daiquiri,0,0,0,0,0,0,0,0,0,5,1,1,18,0,2020-1-4
Midori Melon Daiquiri,0,0,0,0,0,0,0,0,0,6,0,1,17,0,2020-1-5
Midori Melon Daiquiri,0,0,0,0,0,0,0,0,0,3,0,5,18,0,2020-1-30
Midori Melon Daiquiri,0,0,0,0,0,0,0,0,0,4,0,5,21,0,2020-1-31
Midori Melon Daiquiri,0,0,0,0,0,0,0,0,0,3,0,4,19,0,2020-1-23
Midori Melon Daiquiri,0,0,0,0,0,0,0,0,0,2,0,4,14,0,2020-1-22
Midori Melon Daiquiri,0,0,0,0,0,0,0,0,0,2,0,5,17,0,2020-1-29
Midori Melon Daiquiri,0,0,0,0,0,0,0,0,0,1,0,4,21,0,2020-1-28
Midori Melon Daiquiri,0,0,0,0,0,0,0,0,0,4,0,3,12,0,2020-1-17
Midori Melon Daiquiri,0,0,0,0,0,0,0,0,0,3,0,3,14,0,2020-1-16
Midori Melon Daiquiri,0,0,0,0,0,0,0,0,0,2,0,1,16,0,2020-1-1
Midori Melon Daiquiri,0,0,0,0,0,0,0,0,0,1,0,1,19,0,2020-1-7
Midori Melon Daiquiri,0,0,0,0,0,0,0,0,0,0,0,1,19,0,2020-1-6
Midori Melon Daiquiri,0,0,0,0,0,0,0,0,0,4,0,4,21,0,2020-1-24
Midori Melon Daiquiri,0,0,0,0,0,0,0,0,0,5,1,4,22,0,2020-1-25
Midori Melon Daiquiri,0,0,0,0,0,0,0,0,0,4,0,2,15,0,2020-1-10
Midori Melon Daiquiri,1.0,0.0,8.0,0.0,-0.0,8.0,0.41,8.0,0.0,5,1,2,16,0.0,2020-1-11
