Name,Sold,Refunded,Gross Sales,Discounts,Refunds,Net Sales,% Net Sales,Avg Net Sales,COGS,Day of Week,Weekend,Week of Month,Day Temperature Cel,Gross Profit,Date
Tequila Shrimp Fettuccini,0,0,0,0,0,0,0,0,0,1,0,1,21,0,2019-10-1
Tequila Shrimp Fettuccini,0,0,0,0,0,0,0,0,0,2,0,4,32,0,2019-10-23
Tequila Shrimp Fettuccini,0,0,0,0,0,0,0,0,0,1,0,4,32,0,2019-10-22
Tequila Shrimp Fettuccini,0,0,0,0,0,0,0,0,0,1,0,5,21,0,2019-10-29
Tequila Shrimp Fettuccini,0,0,0,0,0,0,0,0,0,0,0,4,20,0,2019-10-28
Tequila Shrimp Fettuccini,0,0,0,0,0,0,0,0,0,3,0,3,25,0,2019-10-17
Tequila Shrimp Fettuccini,0,0,0,0,0,0,0,0,0,2,0,3,29,0,2019-10-16
Tequila Shrimp Fettuccini,1.0,0.0,17.95,0.0,-0.0,17.95,2.07,17.95,0.0,3,0,4,31,17.95,2019-10-24
Tequila Shrimp Fettuccini,0,0,0,0,0,0,0,0,0,4,0,4,31,0,2019-10-25
Tequila Shrimp Fettuccini,0,0,0,0,0,0,0,0,0,3,0,2,24,0,2019-10-10
Tequila Shrimp Fettuccini,0,0,0,0,0,0,0,0,0,4,0,2,27,0,2019-10-11
Tequila Shrimp Fettuccini,0,0,0,0,0,0,0,0,0,0,0,1,32,0,2019-10-7
Tequila Shrimp Fettuccini,0,0,0,0,0,0,0,0,0,6,0,1,32,0,2019-10-6
Tequila Shrimp Fettuccini,0,0,0,0,0,0,0,0,0,0,0,2,22,0,2019-10-14
Tequila Shrimp Fettuccini,0,0,0,0,0,0,0,0,0,1,0,3,29,0,2019-10-15
Tequila Shrimp Fettuccini,0,0,0,0,0,0,0,0,0,6,0,3,27,0,2019-10-20
Tequila Shrimp Fettuccini,0,0,0,0,0,0,0,0,0,0,0,3,31,0,2019-10-21
Tequila Shrimp Fettuccini,0,0,0,0,0,0,0,0,0,3,0,1,27,0,2019-10-3
Tequila Shrimp Fettuccini,0,0,0,0,0,0,0,0,0,2,0,1,27,0,2019-10-2
Tequila Shrimp Fettuccini,0,0,0,0,0,0,0,0,0,2,0,2,25,0,2019-10-9
Tequila Shrimp Fettuccini,0,0,0,0,0,0,0,0,0,1,0,2,29,0,2019-10-8
Tequila Shrimp Fettuccini,1.0,0.0,17.95,0.0,-0.0,17.95,0.85,17.95,0.0,4,0,1,26,17.95,2019-10-4
Tequila Shrimp Fettuccini,0,0,0,0,0,0,0,0,0,5,1,1,30,0,2019-10-5
Tequila Shrimp Fettuccini,0,0,0,0,0,0,0,0,0,2,0,5,18,0,2019-10-30
Tequila Shrimp Fettuccini,0,0,0,0,0,0,0,0,0,3,0,5,20,0,2019-10-31
Tequila Shrimp Fettuccini,1.0,0.0,17.95,0.0,-0.0,17.95,0.62,17.95,0.0,6,0,2,26,17.95,2019-10-13
Tequila Shrimp Fettuccini,0,0,0,0,0,0,0,0,0,5,1,2,28,0,2019-10-12
Tequila Shrimp Fettuccini,0,0,0,0,0,0,0,0,0,6,0,4,22,0,2019-10-27
Tequila Shrimp Fettuccini,0,0,0,0,0,0,0,0,0,5,1,4,30,0,2019-10-26
Tequila Shrimp Fettuccini,1.0,0.0,17.95,0.0,-0.0,17.95,1.18,17.95,0.0,5,1,3,26,17.95,2019-10-19
Tequila Shrimp Fettuccini,1.0,0.0,17.95,0.0,-0.0,17.95,1.47,17.95,0.0,4,0,3,23,17.95,2019-10-18
Tequila Shrimp Fettuccini,0,0,0,0,0,0,0,0,0,3,0,1,15,0,2019-12-5
Tequila Shrimp Fettuccini,0,0,0,0,0,0,0,0,0,2,0,1,11,0,2019-12-4
Tequila Shrimp Fettuccini,0,0,0,0,0,0,0,0,0,1,0,5,15,0,2019-12-31
Tequila Shrimp Fettuccini,0,0,0,0,0,0,0,0,0,0,0,5,11,0,2019-12-30
Tequila Shrimp Fettuccini,0,0,0,0,0,0,0,0,0,3,0,2,19,0,2019-12-12
Tequila Shrimp Fettuccini,0,0,0,0,0,0,0,0,0,4,0,2,22,0,2019-12-13
Tequila Shrimp Fettuccini,0,0,0,0,0,0,0,0,0,3,0,4,6,0,2019-12-26
Tequila Shrimp Fettuccini,0,0,0,0,0,0,0,0,0,4,0,4,11,0,2019-12-27
Tequila Shrimp Fettuccini,0,0,0,0,0,0,0,0,0,2,0,3,12,0,2019-12-18
Tequila Shrimp Fettuccini,1.0,0.0,17.95,0.0,-0.0,17.95,1.98,17.95,0.0,3,0,3,15,17.95,2019-12-19
Tequila Shrimp Fettuccini,0,0,0,0,0,0,0,0,0,6,0,3,14,0,2019-12-15
Tequila Shrimp Fettuccini,0,0,0,0,0,0,0,0,0,5,1,2,15,0,2019-12-14
Tequila Shrimp Fettuccini,0,0,0,0,0,0,0,0,0,5,1,3,18,0,2019-12-21
Tequila Shrimp Fettuccini,0,0,0,0,0,0,0,0,0,4,0,3,17,0,2019-12-20
Tequila Shrimp Fettuccini,0,0,0,0,0,0,0,0,0,0,0,1,17,0,2019-12-2
Tequila Shrimp Fettuccini,0,0,0,0,0,0,0,0,0,1,0,1,18,0,2019-12-3
Tequila Shrimp Fettuccini,0,0,0,0,0,0,0,0,0,6,0,2,15,0,2019-12-8
Tequila Shrimp Fettuccini,0,0,0,0,0,0,0,0,0,0,0,2,16,0,2019-12-9
Tequila Shrimp Fettuccini,0,0,0,0,0,0,0,0,0,2,0,4,9,0,2019-12-25
Tequila Shrimp Fettuccini,0,0,0,0,0,0,0,0,0,1,0,4,12,0,2019-12-24
Tequila Shrimp Fettuccini,1.0,0.0,17.95,0.0,-0.0,17.95,2.1,17.95,0.0,2,0,2,18,17.95,2019-12-11
Tequila Shrimp Fettuccini,0,0,0,0,0,0,0,0,0,1,0,2,16,0,2019-12-10
Tequila Shrimp Fettuccini,0,0,0,0,0,0,0,0,0,4,0,1,18,0,2019-12-6
Tequila Shrimp Fettuccini,1.0,0.0,17.95,0.0,-0.0,17.95,0.58,17.95,0.0,5,1,1,16,17.95,2019-12-7
Tequila Shrimp Fettuccini,1.0,0.0,17.95,-17.95,-0.0,0.0,0.0,0.0,0.0,6,0,1,14,0.0,2019-12-1
Tequila Shrimp Fettuccini,0,0,0,0,0,0,0,0,0,6,0,4,17,0,2019-12-22
Tequila Shrimp Fettuccini,0,0,0,0,0,0,0,0,0,0,0,4,9,0,2019-12-23
Tequila Shrimp Fettuccini,0,0,0,0,0,0,0,0,0,5,1,4,13,0,2019-12-28
Tequila Shrimp Fettuccini,1.0,0.0,17.95,0.0,-0.0,17.95,1.09,17.95,0.0,6,0,5,12,17.95,2019-12-29
Tequila Shrimp Fettuccini,0,0,0,0,0,0,0,0,0,0,0,3,15,0,2019-12-16
Tequila Shrimp Fettuccini,0,0,0,0,0,0,0,0,0,1,0,3,12,0,2019-12-17
Tequila Shrimp Fettuccini,1.0,0.0,17.95,0.0,-0.0,17.95,2.9,17.95,0.0,1,0,1,9,17.95,2020-2-4
Tequila Shrimp Fettuccini,0,0,0,0,0,0,0,0,0,2,0,1,12,0,2020-2-5
Tequila Shrimp Fettuccini,0,0,0,0,0,0,0,0,0,2,0,3,19,0,2020-2-19
Tequila Shrimp Fettuccini,0,0,0,0,0,0,0,0,0,1,0,3,19,0,2020-2-18
Tequila Shrimp Fettuccini,0,0,0,0,0,0,0,0,0,3,0,4,24,0,2020-2-27
Tequila Shrimp Fettuccini,0,0,0,0,0,0,0,0,0,2,0,4,21,0,2020-2-26
Tequila Shrimp Fettuccini,0,0,0,0,0,0,0,0,0,3,0,2,17,0,2020-2-13
Tequila Shrimp Fettuccini,0,0,0,0,0,0,0,0,0,2,0,2,15,0,2020-2-12
Tequila Shrimp Fettuccini,1.0,0.0,17.95,0.0,-0.0,17.95,1.82,17.95,0.0,3,0,3,23,17.95,2020-2-20
Tequila Shrimp Fettuccini,0,0,0,0,0,0,0,0,0,4,0,3,24,0,2020-2-21
Tequila Shrimp Fettuccini,6.0,0.0,107.7,0.0,-0.0,107.7,2.05,17.95,0.0,4,0,2,18,107.7,2020-2-14
Tequila Shrimp Fettuccini,1.0,0.0,17.95,0.0,-0.0,17.95,1.11,17.95,0.0,5,1,3,18,17.95,2020-2-15
Tequila Shrimp Fettuccini,1.0,0.0,17.95,0.0,-0.0,17.95,0.51,17.95,0.0,6,0,2,10,17.95,2020-2-9
Tequila Shrimp Fettuccini,0,0,0,0,0,0,0,0,0,5,1,2,20,0,2020-2-8
Tequila Shrimp Fettuccini,0,0,0,0,0,0,0,0,0,0,0,1,11,0,2020-2-3
Tequila Shrimp Fettuccini,0,0,0,0,0,0,0,0,0,6,0,1,21,0,2020-2-2
Tequila Shrimp Fettuccini,1.0,0.0,17.95,0.0,-0.0,17.95,3.78,17.95,0.0,0,0,2,13,17.95,2020-2-10
Tequila Shrimp Fettuccini,0,0,0,0,0,0,0,0,0,1,0,2,16,0,2020-2-11
Tequila Shrimp Fettuccini,0,0,0,0,0,0,0,0,0,0,0,4,20,0,2020-2-24
Tequila Shrimp Fettuccini,0,0,0,0,0,0,0,0,0,1,0,4,25,0,2020-2-25
Tequila Shrimp Fettuccini,0,0,0,0,0,0,0,0,0,4,0,1,19,0,2020-2-7
Tequila Shrimp Fettuccini,0,0,0,0,0,0,0,0,0,3,0,1,14,0,2020-2-6
Tequila Shrimp Fettuccini,0,0,0,0,0,0,0,0,0,5,1,1,24,0,2020-2-1
Tequila Shrimp Fettuccini,0,0,0,0,0,0,0,0,0,0,0,3,19,0,2020-2-17
Tequila Shrimp Fettuccini,1.0,0.0,17.95,0.0,-0.0,17.95,0.61,17.95,0.0,6,0,3,20,17.95,2020-2-16
Tequila Shrimp Fettuccini,1.0,0.0,17.95,0.0,-0.0,17.95,1.32,17.95,0.0,5,1,5,19,17.95,2020-2-29
Tequila Shrimp Fettuccini,0,0,0,0,0,0,0,0,0,4,0,4,23,0,2020-2-28
Tequila Shrimp Fettuccini,1.0,0.0,17.95,0.0,-0.0,17.95,0.46,17.95,0.0,6,0,4,14,17.95,2020-2-23
Tequila Shrimp Fettuccini,0,0,0,0,0,0,0,0,0,5,1,4,14,0,2020-2-22
Tequila Shrimp Fettuccini,1.0,0.0,17.95,-4.49,-0.0,13.46,1.67,13.46,0.0,4,0,1,19,13.46,2020-1-3
Tequila Shrimp Fettuccini,0,0,0,0,0,0,0,0,0,3,0,1,17,0,2020-1-2
Tequila Shrimp Fettuccini,0,0,0,0,0,0,0,0,0,3,0,2,11,0,2020-1-9
Tequila Shrimp Fettuccini,1.0,0.0,17.95,0.0,-0.0,17.95,5.36,17.95,0.0,2,0,2,15,17.95,2020-1-8
Tequila Shrimp Fettuccini,1.0,0.0,17.95,0.0,-0.0,17.95,2.05,17.95,0.0,1,0,2,15,17.95,2020-1-14
Tequila Shrimp Fettuccini,0,0,0,0,0,0,0,0,0,2,0,3,15,0,2020-1-15
Tequila Shrimp Fettuccini,2.0,0.0,35.9,0.0,-0.0,35.9,2.3,17.95,0.0,0,0,3,17,35.9,2020-1-20
Tequila Shrimp Fettuccini,0,0,0,0,0,0,0,0,0,1,0,3,11,0,2020-1-21
Tequila Shrimp Fettuccini,0,0,0,0,0,0,0,0,0,0,0,2,13,0,2020-1-13
Tequila Shrimp Fettuccini,0,0,0,0,0,0,0,0,0,6,0,2,15,0,2020-1-12
Tequila Shrimp Fettuccini,0,0,0,0,0,0,0,0,0,0,0,4,19,0,2020-1-27
Tequila Shrimp Fettuccini,0,0,0,0,0,0,0,0,0,6,0,4,19,0,2020-1-26
Tequila Shrimp Fettuccini,0,0,0,0,0,0,0,0,0,6,0,3,19,0,2020-1-19
Tequila Shrimp Fettuccini,1.0,0.0,17.95,0.0,-0.0,17.95,1.03,17.95,0.0,5,1,3,17,17.95,2020-1-18
Tequila Shrimp Fettuccini,0,0,0,0,0,0,0,0,0,5,1,1,18,0,2020-1-4
Tequila Shrimp Fettuccini,0,0,0,0,0,0,0,0,0,6,0,1,17,0,2020-1-5
Tequila Shrimp Fettuccini,0,0,0,0,0,0,0,0,0,3,0,5,18,0,2020-1-30
Tequila Shrimp Fettuccini,1.0,0.0,17.95,0.0,-0.0,17.95,0.33,17.95,0.0,4,0,5,21,17.95,2020-1-31
Tequila Shrimp Fettuccini,0,0,0,0,0,0,0,0,0,3,0,4,19,0,2020-1-23
Tequila Shrimp Fettuccini,3.0,0.0,53.85,0.0,-0.0,53.85,8.48,17.95,0.0,2,0,4,14,53.85,2020-1-22
Tequila Shrimp Fettuccini,0,0,0,0,0,0,0,0,0,2,0,5,17,0,2020-1-29
Tequila Shrimp Fettuccini,0,0,0,0,0,0,0,0,0,1,0,4,21,0,2020-1-28
Tequila Shrimp Fettuccini,0,0,0,0,0,0,0,0,0,4,0,3,12,0,2020-1-17
Tequila Shrimp Fettuccini,0,0,0,0,0,0,0,0,0,3,0,3,14,0,2020-1-16
Tequila Shrimp Fettuccini,0,0,0,0,0,0,0,0,0,2,0,1,16,0,2020-1-1
Tequila Shrimp Fettuccini,0,0,0,0,0,0,0,0,0,1,0,1,19,0,2020-1-7
Tequila Shrimp Fettuccini,1.0,0.0,17.95,0.0,-0.0,17.95,1.28,17.95,0.0,0,0,1,19,17.95,2020-1-6
Tequila Shrimp Fettuccini,1.0,0.0,17.95,0.0,-0.0,17.95,1.16,17.95,0.0,4,0,4,21,17.95,2020-1-24
Tequila Shrimp Fettuccini,0,0,0,0,0,0,0,0,0,5,1,4,22,0,2020-1-25
Tequila Shrimp Fettuccini,1.0,0.0,17.95,0.0,-0.0,17.95,0.67,17.95,0.0,4,0,2,15,17.95,2020-1-10
Tequila Shrimp Fettuccini,0,0,0,0,0,0,0,0,0,5,1,2,16,0,2020-1-11
