name, r2, Sunday, Monday, Tuesday, Wednesday, Thursday, Friday, Saturday
1800.csv, -0.8565993018309552, 0.5093724727630615, 0.41892606019973755, 0.39091163873672485, 0.36289721727371216, 0.33488279581069946, 0.3693002760410309, 0.3412858247756958
1\2 fajitas.csv, -0.02040808134306049, 0, 0, 0, 0, 0, 0, 0
2 Eggs over easy.csv, -Infinity, -0.07096695154905319, -0.007353214081376791, 0.00617114407941699, 0.019695501774549484, 0.03321985900402069, -0.003345151897519827, 0.010179201140999794
2 eggs.csv, NaN, NaN, NaN, NaN, NaN, NaN, NaN, NaN
32 oz frijoles refritos.csv, -0.02040808134306049, 0, 0, 0, 0, 0, 0, 0
5. Tostadas Mixtas.csv, -0.11250091607747326, 0.1196252852678299, 0.20123615860939026, 0.22470712661743164, 0.24817809462547302, 0.271649032831192, 0.23698008060455322, 0.2604510188102722
7 Mares.csv, -Infinity, 0.2304127961397171, 0.055000510066747665, 0.058910246938467026, 0.06281998008489609, 0.06672971695661545, 0.2499614804983139, 0.25387123227119446
ASADA A LA CARTE.csv, -Infinity, -0.040502700954675674, -0.014070244506001472, -0.008601948618888855, -0.003133653663098812, 0.0023346422240138054, -0.013161220587790012, -0.007692924700677395
ASADA ALA CARTA.csv, NaN, NaN, NaN, NaN, NaN, NaN, NaN, NaN
ASADA STEAK ALC.csv, -Infinity, -0.05581473559141159, -0.016924738883972168, -0.011212523095309734, -0.005500308237969875, 0.0002119084820151329, -0.0272536538541317, -0.02154143899679184
Absolute.csv, -0.04195301727485079, -0.272417277097702, -0.10020159184932709, -0.05935252085328102, -0.01850343868136406, 0.02234562858939171, -0.0681719034910202, -0.027322810143232346
Adios.csv, -0.014817865488568671, -0.040502700954675674, -0.014070244506001472, -0.008601948618888855, -0.003133653663098812, 0.0023346422240138054, -0.013161220587790012, -0.007692924700677395
Al Pastor Plate.csv, -0.422794954872749, 0.2716127932071686, 0.05443723499774933, 0.11583912372589111, 0.1772410124540329, 0.23864290118217468, 0.5786222815513611, 0.6400241255760193
Albondigas Soup.csv, 0.09960976290546819, 0.9933346509933472, 0.8438286781311035, 0.9159903526306152, 0.9881519079208374, 1.0603134632110596, 1.354142427444458, 1.4263038635253906
Amaretto.csv, -0.11792771939935798, 0.015388873405754566, -0.0022234944626688957, 0.009797395206987858, 0.021818283945322037, 0.03383916988968849, 0.07549331337213516, 0.08751419931650162
Asada Steak.csv, -0.02040808134306049, 0, 0, 0, 0, 0, 0, 0
BAR CODE.csv, -0.04286375662395181, -0.08880442380905151, 0.10181794315576553, 0.11829227954149246, 0.1347666233778, 0.15124094486236572, -0.006432726979255676, 0.010041609406471252
Bacardi.csv, -Infinity, 0.10999953746795654, 0.07884366065263748, 0.06174372881650925, 0.04464379698038101, 0.027543868869543076, 0.02449987828731537, 0.007399953901767731
Bacon Cheeseburger.csv, 0.1687757158400437, 0.4837532639503479, 0.3149176239967346, 0.33434808254241943, 0.353778600692749, 0.3732090890407562, 0.5809057354927063, 0.6003361940383911
Baja Fish Tacos.csv, -0.07810285614758006, 0.6809175610542297, 0.206798255443573, 0.24024203419685364, 0.2736857831478119, 0.30712953209877014, 0.8481363654136658, 0.881580114364624
Bean & Cheese Burrito.csv, NaN, NaN, NaN, NaN, NaN, NaN, NaN, NaN
Bean deep.csv, -Infinity, 0.21959133446216583, 0.051963403820991516, 0.05426981300115585, 0.05657622218132019, 0.05888262763619423, 0.23112338781356812, 0.23342978954315186
Beef Wellington.csv, 0.03421519209146173, -0.04679226130247116, 0.012965792790055275, 0.027070755138993263, 0.0411757156252861, 0.05528067797422409, 0.023732556030154228, 0.03783751279115677
Blackened Salmon.csv, -0.19259727308254027, 0.21939264237880707, 0.07252252101898193, 0.14864802360534668, 0.22477351129055023, 0.3008989989757538, 0.600020170211792, 0.6761456727981567
Bloody Mary.csv, NaN, NaN, NaN, NaN, NaN, NaN, NaN, NaN
Blue Margarita.csv, -Infinity, 0.09201932698488235, -0.00389199610799551, -0.004059105180203915, -0.004226214252412319, -0.004393322393298149, 0.09118378162384033, 0.09101667255163193
Bohemia.csv, -0.08361035978180387, 0.12045060098171234, 0.1794462949037552, 0.22569237649440765, 0.2719384431838989, 0.3181845247745514, 0.3516809940338135, 0.39792704582214355
Brandy.csv, -0.02040808134306049, 0, 0, 0, 0, 0, 0, 0
Breakfast Burrito.csv, -0.11091028062301089, 0.4293276369571686, 0.3193528950214386, 0.31556442379951477, 0.31177595257759094, 0.3079874813556671, 0.4103853404521942, 0.4065968692302704
Buchanan's .csv, -0.3121673201991062, -0.41726985573768616, -0.19426655769348145, -0.14209534227848053, -0.08992414176464081, -0.03775293007493019, -0.15641379356384277, -0.10424257814884186
Bud Light.csv, NaN, NaN, NaN, NaN, NaN, NaN, NaN, NaN
Budweiser.csv, -1.0694690354102492, -0.3202614486217499, 0.2653804123401642, 0.35304781794548035, 0.4407152235507965, 0.5283826589584351, 0.11807563900947571, 0.2057429850101471
Burrito A La Carte.csv, 0.005542778349960753, 0.09693475812673569, 0.06531710177659988, 0.09500541538000107, 0.12469372898340225, 0.15438203513622284, 0.245376318693161, 0.275064617395401
CALDO DE RES.csv, NaN, NaN, NaN, NaN, NaN, NaN, NaN, NaN
CARNE ASADA ALA CARTA.csv, -Infinity, -0.0417146235704422, -0.003503168933093548, 0.002184527926146984, 0.007872226648032665, 0.013559923507273197, -0.013276134617626667, -0.007588437758386135
CHICKEN FAJITAS ALA CARTE.csv, -Infinity, -0.0908057689666748, -0.0334005281329155, -0.019784167408943176, -0.006167811341583729, 0.0074485475197434425, -0.0227239690721035, -0.009107611142098904
CHIELE RELLENO BURRITO MOJADO VERDE Y ROJO CON FF.csv, -Infinity, -0.05581473559141159, -0.016924738883972168, -0.011212523095309734, -0.005500308237969875, 0.0002119084820151329, -0.0272536538541317, -0.02154143899679184
Cabernet Sauvigon.csv, -0.24149531642420685, -0.350663959980011, 0.14656487107276917, 0.2243666797876358, 0.30216848850250244, 0.3799703121185303, 0.0383450873196125, 0.11614690721035004
Cabernet.csv, NaN, NaN, NaN, NaN, NaN, NaN, NaN, NaN
Cadillac Margarita Don Julio.csv, -Infinity, 0.39838123321533203, 0.13913224637508392, 0.14366455376148224, 0.14819684624671936, 0.15272915363311768, 0.4210427403450012, 0.4255750775337219
Cadillac Margarita.csv, -Infinity, -0.22180750966072083, -0.112200528383255, -0.08879120647907257, -0.06538188457489014, -0.0419725701212883, -0.10476092994213104, -0.0813516154885292
Caldo de Camaron & Shrimp.csv, 0.05725776491824652, -0.02604670077562332, -0.01038982905447483, 0.018973007798194885, 0.04833584278821945, 0.07769867777824402, 0.1207674890756607, 0.15013031661510468
Camarones Aguachiles.csv, -0.0012080619654566416, 0.20009241998195648, 0.12101443111896515, 0.20001648366451263, 0.2790185213088989, 0.3580205738544464, 0.5951026678085327, 0.6741046905517578
Camarones Costa Azul.csv, -0.037813546577095014, 0.9027447700500488, 1.1038591861724854, 1.2411794662475586, 1.3784997463226318, 1.515820026397705, 1.589346170425415, 1.7266663312911987
Camarones Margaritas.csv, NaN, NaN, NaN, NaN, NaN, NaN, NaN, NaN
Camarones al chipotle.csv, -Infinity, -0.0833062157034874, -0.022702734917402267, -0.007680567447096109, 0.0073415981605648994, 0.02236376330256462, -0.008195392787456512, 0.00682677049189806
Camarones.csv, -0.020096716219491384, 0.6440763473510742, 0.35103967785835266, 0.3827238976955414, 0.4144081175327301, 0.4460923671722412, 0.8024975061416626, 0.8341817259788513
Campechana Cocktail.csv, -0.10735180315763504, 0.13231219351291656, 0.051170527935028076, 0.0734352171421051, 0.09569989144802094, 0.11796458065509796, 0.2436356097459793, 0.26590025424957275
Campo Azul.csv, -0.25950212000932016, 0.39838123321533203, 0.13913224637508392, 0.14366455376148224, 0.14819684624671936, 0.15272915363311768, 0.4210427403450012, 0.4255750775337219
Can Soda.csv, -0.14157804126270834, -0.0680694431066513, 0.07428719103336334, 0.09731157124042511, 0.12033593654632568, 0.14336031675338745, 0.04705243557691574, 0.07007680833339691
Captain Morgan.csv, -0.02040808134306049, 0, 0, 0, 0, 0, 0, 0
Carne Asada Burrito.csv, -0.08460939642763932, 1.942185401916504, 1.3081234693527222, 1.3767415285110474, 1.4453595876693726, 1.5139774084091187, 2.28527569770813, 2.353893518447876
Carne Asada Fries.csv, NaN, NaN, NaN, NaN, NaN, NaN, NaN, NaN
Carne Asada Plate.csv, -0.005823045288828599, 1.9754927158355713, 0.46350789070129395, 0.729301393032074, 0.9950947165489197, 1.2608880996704102, 3.304459810256958, 3.5702531337738037
Carne Asada Salad.csv, -0.06420964289323461, 0.056350819766521454, 0.04824405163526535, 0.04182126373052597, 0.035398490726947784, 0.02897571586072445, 0.02423693798482418, 0.017814157530665398
Carne asada quesadilla con arroz y frijoles.csv, -Infinity, -0.10431746393442154, -0.04856663942337036, -0.03552383556962013, -0.022481035441160202, -0.009438232518732548, -0.03910344839096069, -0.026060644537210464
Carnitas Burrito.csv, 0.03003113011011238, 0.18479347229003906, -0.06727264821529388, 0.03606787323951721, 0.1394084095954895, 0.2427489459514618, 0.7014961242675781, 0.804836630821228
Carnitas Plate.csv, -0.0936876411591856, 0.6404727697372437, -0.004969459027051926, 0.054620254784822464, 0.11420996487140656, 0.17379967868328094, 0.9384213089942932, 0.99801105260849
Cazadores.csv, NaN, NaN, NaN, NaN, NaN, NaN, NaN, NaN
Chambord.csv, -0.037344464019171575, 0, 0, 0, 0, 0, 0, 0
Champagne with Sunday Brunch.csv, 0.2574783223955295, -1.6380109786987305, -0.19257067143917084, 0.1614704430103302, 0.5155115127563477, 0.869552731513977, 0.1321946680545807, 0.486235648393631
Champagne.csv, NaN, NaN, NaN, NaN, NaN, NaN, NaN, NaN
Cheese Quesadilla.csv, NaN, NaN, NaN, NaN, NaN, NaN, NaN, NaN
Cheesecake.csv, -0.16903887037293153, -0.0596102774143219, 0.007171625271439552, 0.027861548587679863, 0.04855147749185562, 0.06924140453338623, 0.043839357793331146, 0.06452928483486176
Chicken Caesar Salad.csv, -0.03576596956952094, 0.23625735938549042, 0.12897981703281403, 0.11288521438837051, 0.0967906191945076, 0.08069602400064468, 0.15578436851501465, 0.13968977332115173
Chicken Cilantro Salad.csv, -0.09501118563040523, 0.5312809944152832, 0.09478586912155151, 0.07948678731918335, 0.0641876757144928, 0.048888564109802246, 0.45478546619415283, 0.43948638439178467
Chicken Fettuccini.csv, 0.0675336415652994, 0.6415484547615051, 0.21815064549446106, 0.29591837525367737, 0.3736861050128937, 0.4514538049697876, 1.030387043952942, 1.1081547737121582
Chilaquiles Rojos.csv, 0.04177589014467564, 0.7007497549057007, 0.2537330985069275, 0.22954031825065613, 0.20534753799438477, 0.1811547577381134, 0.5797858834266663, 0.5555930733680725
Chile relleno.csv, -0.02138294394170992, 0.2774714231491089, 0.2453625500202179, 0.2757635712623596, 0.30616459250450134, 0.33656564354896545, 0.4294765591621399, 0.4598775804042816
Chipotle Shrimp.csv, -0.020408019280761858, 0, 0, 0, 0, 0, 0, 0
Chivas regal.csv, -Infinity, 0.017031166702508926, 0.10535550862550735, 0.11813928931951523, 0.1309230625629425, 0.14370685815811157, 0.08095008134841919, 0.09373384714126587
Churros.csv, -0.0319103945087833, 0.29184824228286743, 0.3018714189529419, 0.3735824227333069, 0.44529348611831665, 0.5170045495033264, 0.6504034399986267, 0.7221144437789917
Cinnamon Toast Crunch.csv, -0.0831698767412612, 0.02172294445335865, -0.010664412751793861, -0.021106379106640816, -0.03154834359884262, -0.041990309953689575, -0.03048688918352127, -0.040928855538368225
Clamato Preparado.csv, -0.03675949276207735, 0.05632133409380913, -0.03205452486872673, -0.032309550791978836, -0.03256457298994064, -0.03281959891319275, 0.055046211928129196, 0.05479118600487709
Club Soda w& lemon.csv, -0.2613205034356485, -0.30477336049079895, -0.08191182464361191, -0.0222114697098732, 0.03748888522386551, 0.09718924760818481, -0.006271585822105408, 0.05342875421047211
Cocktail "Vuelve A La Vida".csv, -0.2018770454267791, 0.34564560651779175, 0.11138918995857239, 0.13005486130714417, 0.14872054755687714, 0.1673862338066101, 0.4389740228652954, 0.4576396942138672
Cocktail De Camaron.csv, 0.16145789399619181, 1.2438421249389648, 0.8363010883331299, 0.9420387744903564, 1.0477763414382935, 1.1535139083862305, 1.77252995967865, 1.8782676458358765
Coffee.csv, 0.06877538513990811, 0.08969305455684662, 0.09888292849063873, 0.226703479886055, 0.3545241355895996, 0.48234474658966064, 0.7287960052490234, 0.8566166758537292
Combination de Dos.csv, 0.16407491553644216, 8.3482666015625, 5.042178153991699, 5.375760555267334, 5.709342956542969, 6.042924880981445, 10.016178131103516, 10.349761009216309
Combination de Tres.csv, 0.11979697007209889, 3.7547976970672607, 3.9864115715026855, 4.447725296020508, 4.90903902053833, 5.370352745056152, 6.061366081237793, 6.522679328918457
Combination de Uno.csv, -0.06500665023639884, 1.4427311420440674, 1.4696996212005615, 1.5321390628814697, 1.594578742980957, 1.6570181846618652, 1.7549285888671875, 1.8173682689666748
Combination de dos tacos de camaron.csv, -Infinity, -0.0908057689666748, -0.0334005281329155, -0.019784167408943176, -0.006167811341583729, 0.0074485475197434425, -0.0227239690721035, -0.009107611142098904
Coors Light.csv, -0.6508210202643607, 0.9119765758514404, 0.818679690361023, 0.8257536888122559, 0.8328278064727783, 0.8399018049240112, 0.9473468065261841, 0.9544209241867065
Corona Light.csv, -1.0322290822977127, 0.5242322683334351, 0.36887574195861816, 0.3412874937057495, 0.31369924545288086, 0.2861109972000122, 0.3862909972667694, 0.35870274901390076
Corona.csv, 0.0212362617957762, 0.36525842547416687, 0.37308254837989807, 0.4435098469257355, 0.5139371156692505, 0.5843644142150879, 0.7173947691917419, 0.7878220677375793
Coronadita Margarita.csv, -0.927940105448583, 1.4894627332687378, 0.5420653223991394, 0.4877641499042511, 0.4334629774093628, 0.3791618049144745, 1.2179569005966187, 1.1636557579040527
Coronadita.csv, NaN, NaN, NaN, NaN, NaN, NaN, NaN, NaN
Corralejo.csv, -0.02040808134306049, 0, 0, 0, 0, 0, 0, 0
Crown Royal.csv, -Infinity, -0.12653061747550964, -0.03193232789635658, -0.014785077422857285, 0.002362176775932312, 0.01950942724943161, -0.04079434275627136, -0.023647092282772064
Cubeta Corona.csv, -0.020408019280761858, 0, 0, 0, 0, 0, 0, 0
Cubeta Modelo Especial.csv, -0.020408088238871747, 0, 0, 0, 0, 0, 0, 0
Cubeta mix.csv, -0.020408019280761858, 0, 0, 0, 0, 0, 0, 0
Custom Item.csv, 0.05583691257080581, -0.45871058106422424, 0.7255726456642151, 0.9457232356071472, 1.1658738851547241, 1.3860243558883667, 0.6420425176620483, 0.86219322681427
Deep Fried Ice Cream.csv, -0.03336371036319652, 0.0788656622171402, 0.4233706593513489, 0.47533392906188965, 0.5272971987724304, 0.5792604684829712, 0.33868199586868286, 0.39064520597457886
Dinner Salad.csv, -0.09860875123041013, -0.4401959478855133, 0.32494741678237915, 0.4681980311870575, 0.6114486455917358, 0.7546992301940918, 0.2760571241378784, 0.41930773854255676
Don Julio.csv, -0.008919330409654647, 0.2298147827386856, 0.29293668270111084, 0.29853153228759766, 0.30412641167640686, 0.3097212612628937, 0.25778910517692566, 0.26338398456573486
Dona Margarita.csv, -0.034475326755822655, 0.37424036860466003, 0.45509928464889526, 0.5594891309738159, 0.6638789772987366, 0.7682688236236572, 0.8961896896362305, 1.0005794763565063
Dos XX.csv, 0.0038601742495173452, 0.18365433812141418, 0.2712402045726776, 0.3383331000804901, 0.4054259955883026, 0.4725188910961151, 0.5191189050674438, 0.5862118005752563
Double Dare Tacos.csv, -0.05991086114243793, 0.1080927848815918, 0.4485977292060852, 0.46568405628204346, 0.48277032375335693, 0.4998565912246704, 0.19352416694164276, 0.21061043441295624
Enchilada A La Carte.csv, -0.05947159429357618, 1.8867417573928833, 0.5221811532974243, 0.4327206611633301, 0.3432602286338806, 0.25379979610443115, 1.4394395351409912, 1.3499791622161865
Estrella Jalisco.csv, -0.02040808134306049, 0, 0, 0, 0, 0, 0, 0
Extra Carne.csv, -Infinity, 0.0988471731543541, -0.008335382677614689, -0.008184186182916164, -0.008032988756895065, -0.00788179226219654, 0.09960315376520157, 0.09975434839725494
Extra Shot.csv, -0.020408019280761858, 0, 0, 0, 0, 0, 0, 0
Fajitas Steak & Chicken.csv, -0.11823844700971442, 0.06609071791172028, -0.03506918251514435, -0.03507009893655777, -0.03507101908326149, -0.03507193922996521, 0.06608612090349197, 0.06608520448207855
Fajitas Veggie.csv, -Infinity, 0.02172294445335865, -0.010664412751793861, -0.021106379106640816, -0.03154834359884262, -0.041990309953689575, -0.03048688918352127, -0.040928855538368225
Filet Mignon.csv, -0.055422644642062924, -0.04077371209859848, 0.04090062528848648, 0.06633863598108292, 0.09177664667367935, 0.11721466481685638, 0.0864163488149643, 0.11185435950756073
Filet.csv, 0.012735637045658055, 0.14863860607147217, 0.08838991820812225, 0.10834765434265137, 0.12830539047718048, 0.1482631266117096, 0.24842727184295654, 0.26838502287864685
Fireball.csv, -0.13719890736179208, -0.10183540731668472, 0.08652541786432266, 0.12062527984380722, 0.15472516417503357, 0.18882501125335693, 0.06866391748189926, 0.10276377946138382
Flauta A La Carte.csv, -0.058621147112138505, -0.21539480984210968, 0.19116850197315216, 0.2583606541156769, 0.3255528211593628, 0.3927449882030487, 0.12056604027748108, 0.187758207321167
Flauta Appetizer .csv, 0.060981471693668965, 1.3588128089904785, 0.9772291779518127, 1.1219050884246826, 1.2665810585021973, 1.411257028579712, 2.082192897796631, 2.2268686294555664
Flautas.csv, 0.21564005624987692, 0.5996736884117126, 0.6271911859512329, 0.6521003842353821, 0.6770095825195312, 0.7019187808036804, 0.7242197394371033, 0.7491288781166077
Friday Cadillac margarita.csv, -0.02040808134306049, 0, 0, 0, 0, 0, 0, 0
GRILLED CHK ALC.csv, -Infinity, -0.0908057689666748, -0.0334005281329155, -0.019784167408943176, -0.006167811341583729, 0.0074485475197434425, -0.0227239690721035, -0.009107611142098904
Grand Manier.csv, 0.039841005025007536, 0.04035883769392967, -0.029676098376512527, -0.01124798133969307, 0.0071801431477069855, 0.025608260184526443, 0.13249944150447845, 0.1509275585412979
Grande Mixed Fajitas.csv, 0.07706044780474841, 0.6091955304145813, 0.08961540460586548, 0.3283100128173828, 0.5670046210289001, 0.8056992292404175, 1.8026684522628784, 2.04136323928833
Grey Goose.csv, -0.21930990725153654, 0.23856094479560852, 0.23223097622394562, 0.25186067819595337, 0.2714903950691223, 0.29112011194229126, 0.33670946955680847, 0.3563391864299774
Grilled Chicken Burrito.csv, -0.07525217637423687, 0.41793593764305115, 0.34245356917381287, 0.32763466238975525, 0.31281572580337524, 0.2979968190193176, 0.3438413739204407, 0.32902246713638306
Grilled Chicken Fajitas.csv, -0.03136901550466731, 0.11223173141479492, 0.3300516903400421, 0.4415208399295807, 0.5529899597167969, 0.6644591093063354, 0.6695774793624878, 0.7810465097427368
Grilled Chicken Plate.csv, 0.04149521253869548, 0.1874130517244339, 0.24093692004680634, 0.27856290340423584, 0.31618887186050415, 0.35381484031677246, 0.3755429983139038, 0.4131689667701721
Grilled Shrimp.csv, -Infinity, 0.3941735327243805, 0.20590072870254517, 0.1395254135131836, 0.07315009087324142, 0.006774775683879852, 0.062296949326992035, -0.0040783509612083435
Grilled Steak Fajitas.csv, -0.15377731726744082, -0.10440056025981903, 0.16790363192558289, 0.24433183670043945, 0.320760041475296, 0.3971882462501526, 0.2777405381202698, 0.35416871309280396
Guacamole Full Size.csv, 0.4912123563295272, 1.494837760925293, 0.3884398341178894, 0.9400184154510498, 1.4915971755981445, 2.04317569732666, 4.252730369567871, 4.804308891296387
Guacamole Large.csv, -0.020408019280761858, 0, 0, 0, 0, 0, 0, 0
Guacamole half order.csv, -0.09346794856673646, 0.9630952477455139, 0.09093685448169708, 0.1149614006280899, 0.13898588716983795, 0.163010373711586, 1.083217740058899, 1.107242226600647
Guacamole.csv, -0.026690903558188372, 0.8621002435684204, 0.47118330001831055, 0.5658069252967834, 0.6604304909706116, 0.7550540566444397, 1.3352179527282715, 1.4298415184020996
HH Carne Asada Fries.csv, -0.7866220791521641, 0.1076769232749939, 0.11018729209899902, 0.07838630676269531, 0.046585310250520706, 0.014784332364797592, -0.05132800713181496, -0.08312898874282837
HH Flauta Appetizer.csv, 0.0664666864887613, 0.5502935647964478, 0.4108293652534485, 0.2657797336578369, 0.12073017656803131, -0.024319440126419067, -0.17495444416999817, -0.32000404596328735
HH Guacamole.csv, 0.06321943687673115, 0.01660669595003128, 0.12340886890888214, 0.10311134159564972, 0.08281382918357849, 0.06251630187034607, -0.08488091826438904, -0.10517844557762146
HH Nachos Vaqueros.csv, 0.019628458316720665, 0.01461015734821558, 0.05353878065943718, 0.04060078784823418, 0.027662796899676323, 0.014724806882441044, -0.05007980391383171, -0.06301779299974442
HH Quesadilla.csv, -0.23978227417539455, 0.0473020076751709, 0.1415383517742157, 0.12941332161426544, 0.11728829145431519, 0.10516327619552612, -0.013323090970516205, -0.025448111817240715
HH Queso Fundido.csv, -0.04860171304598593, 0.04512196034193039, 0.07779264450073242, 0.0698029175400734, 0.06181319057941437, 0.05382346361875534, 0.005173325538635254, -0.002816401422023773
Hennessy.csv, -Infinity, 0.10257214307785034, 0.11232881247997284, 0.05576659366488457, -0.0007956214249134064, -0.05735784396529198, -0.18023893237113953, -0.2368011176586151
Horchata.csv, 0.1776607175599647, 0.6715898513793945, 0.8370503187179565, 1.1388061046600342, 1.4405620098114014, 1.7423179149627686, 2.1803693771362305, 2.4821250438690186
Hot Chocolate.csv, -0.020408019280761858, 0, 0, 0, 0, 0, 0, 0
House Cadillac Margarita.csv, 0.02210005899717349, 0.6705158948898315, 0.604230523109436, 0.7830045819282532, 0.9617785215377808, 1.1405526399612427, 1.5643861293792725, 1.7431602478027344
House Margarita.csv, 0.13653151289384058, 6.588411331176758, 6.758843421936035, 7.777719497680664, 8.796594619750977, 9.815471649169922, 11.682791709899902, 12.701667785644531
House Paloma.csv, -Infinity, 0.01747295632958412, 0.0013078264892101288, -0.005322919227182865, -0.011953665874898434, -0.018584411591291428, -0.015680769458413124, -0.022311512380838394
House Vodka water.csv, -Infinity, 0.0873616635799408, -0.01742907613515854, -0.01597076654434204, -0.014512456022202969, -0.013054145500063896, 0.09465320408344269, 0.09611152112483978
House Vodka.csv, NaN, NaN, NaN, NaN, NaN, NaN, NaN, NaN
House whiskey.csv, -0.020408019280761858, 0, 0, 0, 0, 0, 0, 0
Huevos Rancheros.csv, 0.13429869919214998, 0.7735086679458618, 0.1876019686460495, 0.22837021946907043, 0.26913848519325256, 0.3099067509174347, 0.9773499369621277, 1.018118143081665
IPA Pale Ale.csv, 0.010210798433701207, 0.574996829032898, 0.4178696870803833, 0.40119022130966187, 0.38451075553894043, 0.367831289768219, 0.49159950017929077, 0.47492003440856934
Item 1.csv, NaN, NaN, NaN, NaN, NaN, NaN, NaN, NaN
Jack Daniels.csv, -1.352621882454018, 0.03960004448890686, 0.9897879362106323, 1.0930780172348022, 1.1963682174682617, 1.2996582984924316, 0.5560506582260132, 0.6593407392501831
Jamaica.csv, 0.061294399226986984, 0.5024513602256775, 0.15580534934997559, 0.21885693073272705, 0.28190845251083374, 0.3449600338935852, 0.8177090883255005, 0.880760669708252
Jameson.csv, 0.004660109710246663, -0.0834292471408844, -0.007006337866187096, 0.004369055852293968, 0.01574445329606533, 0.027119847014546394, -0.026552269235253334, -0.01517687551677227
Jamica.csv, -0.8756163623639839, 0.8969570398330688, 0.31370097398757935, 0.3488433361053467, 0.383985698223114, 0.41912806034088135, 1.0726689100265503, 1.1078113317489624
Jim Bean.csv, -Infinity, 0.2620849609375, -0.052287228405475616, -0.04791229963302612, -0.04353737086057663, -0.03916243463754654, 0.28395962715148926, 0.28833454847335815
Jimador.csv, -Infinity, 0.038548052310943604, 0.029284248128533363, 0.02249331958591938, 0.0157023873180151, 0.008911458775401115, 0.004593408200889826, -0.002197521273046732
Jose Cuervo serving.csv, -Infinity, 0.07266183942556381, 0.05221879109740257, 0.041955236345529556, 0.03169168531894684, 0.021428130567073822, 0.021344061940908432, 0.011080512776970863
Jose Cuervo.csv, -0.02040808134306049, 0, 0, 0, 0, 0, 0, 0
Juices.csv, 0.10543500823549101, -0.3583621382713318, -0.10468543320894241, 0.07638902962207794, 0.2574634850025177, 0.4385378956794739, 0.5470101833343506, 0.7280846834182739
KIDS Bean & Cheese Burrito.csv, -0.010073079514600902, 0.3740589916706085, -0.022627413272857666, 0.012264721095561981, 0.047156840562820435, 0.0820489227771759, 0.5485195517539978, 0.5834116339683533
KIDS Carne Asada Taco.csv, -0.07137916447622294, 0.6587656736373901, 0.17658987641334534, 0.16441896557807922, 0.15224811434745789, 0.14007723331451416, 0.5979112386703491, 0.5857404470443726
KIDS Cheese Enchilada.csv, -0.01024049493318846, 0.06961644440889359, -0.00024731410667300224, 0.022907588630914688, 0.046062491834163666, 0.06921739131212234, 0.18539097905158997, 0.20854587852954865
KIDS Cheese Quesadilla.csv, -0.2019290018501716, 1.1638306379318237, 0.19138404726982117, 0.25151199102401733, 0.3116399943828583, 0.37176796793937683, 1.464470624923706, 1.5245985984802246
KIDS Cheeseburger.csv, 0.17440606678521597, 0.9324111938476562, 0.5773000717163086, 0.7307246923446655, 0.8841493129730225, 1.0375739336013794, 1.699534296989441, 1.8529589176177979
KIDS Chicken Enchilada.csv, 0.009315752295799173, 0.18835100531578064, 0.0649198666214943, 0.07313445955514908, 0.08134905248880386, 0.08956363797187805, 0.22942394018173218, 0.23763853311538696
KIDS Chicken Strips.csv, 0.10324385112636025, 0.49109846353530884, 0.12953776121139526, 0.2951551079750061, 0.4607725739479065, 0.6263899207115173, 1.319185495376587, 1.4848029613494873
KIDS Hamburger.csv, -0.03773658922938128, 0.11491303890943527, 0.06365504860877991, 0.05448970943689346, 0.04532436281442642, 0.03615902364253998, 0.06908633559942245, 0.059920988976955414
KIDS Ice Cream.csv, 0.03593085967480569, 0.15552116930484772, 0.30361613631248474, 0.3825327157974243, 0.4614493250846863, 0.5403659343719482, 0.5501040816307068, 0.6290206909179688
Keoke Coffee.csv, -Infinity, 0.11384863406419754, 0.1029183566570282, 0.08951783180236816, 0.07611731439828873, 0.06271679699420929, 0.04684603214263916, 0.03344551473855972
Ketal One.csv, -Infinity, 0.12727919220924377, -0.04817035794258118, -0.10755270719528198, -0.1669350564479828, -0.2263174057006836, -0.16963256895542145, -0.22901491820812225
Kids 2 eggs scrambled with ham.csv, -Infinity, 0.0988471731543541, -0.008335382677614689, -0.008184186182916164, -0.008032988756895065, -0.00788179226219654, 0.09960315376520157, 0.09975434839725494
Kids Drink Only.csv, 0.11582387563950447, 0.06528513878583908, 0.24973490834236145, 0.460788756608963, 0.671842634677887, 0.8828964829444885, 1.1205546855926514, 1.331608533859253
Kioki coffee.csv, -0.02040797790590032, 0, 0, 0, 0, 0, 0, 0
L.A. Water.csv, -Infinity, -0.04939660057425499, -0.005360073409974575, -0.002396955154836178, 0.0005661631003022194, 0.0035292813554406166, -0.034581009298563004, -0.031617891043424606
Large Chile Relleno.csv, NaN, NaN, NaN, NaN, NaN, NaN, NaN, NaN
Large Margarita Monday.csv, 0.007734817143775885, 0.0868917778134346, -0.042657651007175446, -0.08442551642656326, -0.12619337439537048, -0.1679612398147583, -0.12194755673408508, -0.1637154221534729
Large Monday Margarita.csv, -Infinity, 0.5912604331970215, 0.30885112285614014, 0.20928816497325897, 0.10972516238689423, 0.01016215980052948, 0.09344546496868134, -0.006117507815361023
Large Salsa.csv, -Infinity, 0.11846712231636047, 0.08974558115005493, 0.07132501900196075, 0.05290447548031807, 0.03448392450809479, 0.026364369317889214, 0.00794382207095623
Large margarita patron.csv, -0.02040797790590032, 0, 0, 0, 0, 0, 0, 0
Long I ice tea.csv, -Infinity, -0.0834292471408844, -0.007006337866187096, 0.004369055852293968, 0.01574445329606533, 0.027119847014546394, -0.026552269235253334, -0.01517687551677227
Long Island Iced Tea.csv, -0.09073994710382682, 0.06680093705654144, 0.08749541640281677, 0.09243930876255035, 0.09738318622112274, 0.10232706367969513, 0.09152035415172577, 0.09646423161029816
MEAL.csv, -Infinity, -0.004130899906158447, 0.020854100584983826, 0.02233198657631874, 0.023809870705008507, 0.025287756696343422, 0.00325852632522583, 0.004736410453915596
MICHELOB.csv, -0.02040808134306049, 0, 0, 0, 0, 0, 0, 0
MONDAY Margarita.csv, 0.23453860240438817, 6.187860012054443, 3.5979626178741455, 2.2714428901672363, 0.9449230432510376, -0.3815966546535492, -0.44473928213119507, -1.77125883102417
MVHCC.csv, -0.020408233878430826, 0, 0, 0, 0, 0, 0, 0
Machaca Con Huevo.csv, 0.05842688972432053, 0.8080974817276001, 0.22021624445915222, 0.2468598484992981, 0.27350345253944397, 0.30014708638191223, 0.9413155317306519, 0.9679591655731201
Maker's Mark.csv, 0.0008346474230450651, -0.05707211792469025, -0.018948499113321304, -0.02236907184123993, -0.025789644569158554, -0.029210221022367477, -0.07417499274015427, -0.07759556919336319
Malibu rum.csv, -Infinity, 0.0027652308344841003, 0.006478806957602501, 0.003870749846100807, 0.001262693665921688, -0.0013453643769025803, -0.010275058448314667, -0.01288311555981636
Malibu.csv, NaN, NaN, NaN, NaN, NaN, NaN, NaN, NaN
Mangoniada Margarita.csv, -0.05627803204698201, -0.018268972635269165, 0.057035308331251144, 0.06145063415169716, 0.06586595624685287, 0.07028128206729889, 0.00380764901638031, 0.008222974836826324
Manhattan.csv, -Infinity, -0.13499170541763306, -0.012358086183667183, 0.01871477998793125, 0.049787648022174835, 0.08086051046848297, 0.020372631028294563, 0.05144548416137695
Margarita Pitcher.csv, -Infinity, 0.05440913140773773, 0.050332941114902496, 0.04447245970368385, 0.03861197829246521, 0.032751500606536865, 0.02510674111545086, 0.019246263429522514
Margarita's Spicy Burger.csv, -0.05674869586610676, 0.05539685860276222, 0.09366258978843689, 0.12169097363948822, 0.14971934258937836, 0.1777477115392685, 0.195538729429245, 0.22356708347797394
Marker's Mark whisky.csv, -Infinity, 0.1766597330570221, 0.2508426606655121, 0.2430218756198883, 0.23520106077194214, 0.22738027572631836, 0.13755571842193604, 0.12973491847515106
Med Salsa.csv, -Infinity, -0.0908057689666748, -0.0334005281329155, -0.019784167408943176, -0.006167811341583729, 0.0074485475197434425, -0.0227239690721035, -0.009107611142098904
Menudo Soup.csv, 0.23306366445359616, -0.4680914580821991, -0.5007061958312988, 0.06760203838348389, 0.635910153388977, 1.2042182683944702, 2.3734495639801025, 2.941757917404175
Mercadito Margarita Don Julio.csv, -0.04010638044776327, 0.36263638734817505, 0.23275502026081085, 0.25265684723854065, 0.27255871891975403, 0.292460560798645, 0.4621456265449524, 0.4820474684238434
Mercadito Margarita.csv, NaN, NaN, NaN, NaN, NaN, NaN, NaN, NaN
Merlot.csv, -0.003935645608341032, 0.027847077697515488, 0.07215429097414017, 0.06413751095533371, 0.05612073466181755, 0.04810395464301109, -0.0122368223965168, -0.02025359496474266
Mexican Flan.csv, -0.06547764677339307, 0.4253356158733368, 0.17729425430297852, 0.18113890290260315, 0.18498358130455017, 0.1888282597064972, 0.4445590078830719, 0.44840362668037415
Michelo Ultra Light.csv, -0.35821769320779473, 1.662634253501892, 0.14686520397663116, 0.1937216967344284, 0.24057817459106445, 0.2874346375465393, 1.8969167470932007, 1.9437731504440308
Michelob Ultra Bottle beer.csv, -0.02040808134306049, 0, 0, 0, 0, 0, 0, 0
Michelob Ultra.csv, NaN, NaN, NaN, NaN, NaN, NaN, NaN, NaN
Midori Melon Daiquiri.csv, -Infinity, 0.09201932698488235, -0.00389199610799551, -0.004059105180203915, -0.004226214252412319, -0.004393322393298149, 0.09118378162384033, 0.09101667255163193
Midori sour.csv, NaN, NaN, NaN, NaN, NaN, NaN, NaN, NaN
Midori sours.csv, -Infinity, 0.11401689052581787, 0.028000125661492348, 0.028438283130526543, 0.028876440599560738, 0.029314599931240082, 0.11620768159627914, 0.11664583534002304
Milk.csv, -Infinity, 0.0988471731543541, -0.008335382677614689, -0.008184186182916164, -0.008032988756895065, -0.00788179226219654, 0.09960315376520157, 0.09975434839725494
Miller Light.csv, -0.2386818543344098, 0.1794091910123825, 0.17821328341960907, 0.15828052163124084, 0.13834775984287262, 0.1184149980545044, 0.07974536716938019, 0.059812601655721664
Mimosa with Sunday Brunch.csv, 0.3432097944241126, -3.635770559310913, -0.7127141952514648, -0.006188839673995972, 0.7003364562988281, 1.4068617820739746, -0.10314366221427917, 0.6033816337585449
Mimosa.csv, NaN, NaN, NaN, NaN, NaN, NaN, NaN, NaN
Modelo Especial.csv, NaN, NaN, NaN, NaN, NaN, NaN, NaN, NaN
Mojarra.csv, 0.045198585193731655, 1.0697109699249268, 0.1771114021539688, 0.18881969153881073, 0.20052798092365265, 0.21223627030849457, 1.1282525062561035, 1.139960765838623
Mojito.csv, 0.020634558687288473, -0.02170446515083313, -0.04235765337944031, 0.0031341202557086945, 0.0486258901655674, 0.09411764144897461, 0.2057543694972992, 0.2512461543083191
Molcajete Mar Y Terra.csv, -0.03705911208986379, 0.992370069026947, 0.11823385953903198, 0.19546367228031158, 0.2726935148239136, 0.34992337226867676, 1.3785194158554077, 1.4557491540908813
Monday Large Margarita.csv, -0.020408019280761858, 0, 0, 0, 0, 0, 0, 0
Montejo draft.csv, -Infinity, 0.16871483623981476, 0.010235350579023361, 0.011875059455633163, 0.013514768332242966, 0.015154477208852768, 0.17691338062286377, 0.17855308949947357
Montejo michelada.csv, -Infinity, -0.0012722555547952652, -0.002060502767562866, -0.004643025808036327, -0.007225546985864639, -0.009808069095015526, -0.014184864237904549, -0.016767386347055435
Montejo.csv, 0.005468432504824539, 0.5466002821922302, 0.24479863047599792, 0.21898555755615234, 0.19317245483398438, 0.1673593521118164, 0.417534738779068, 0.3917216956615448
Motejo.csv, -2.12176607562041, 0.7343587875366211, 0.49952811002731323, 0.5155296921730042, 0.5315312147140503, 0.5475327968597412, 0.8143665790557861, 0.830368161201477
NY cheesecake.csv, 0.03917004066435337, -0.0038620461709797382, 0.026173997670412064, 0.03106038272380829, 0.035946767777204514, 0.04083315655589104, 0.02056988514959812, 0.025456270202994347
Nacho cheese.csv, -Infinity, -0.03433500602841377, -0.0011725184740498662, 0.00445115752518177, 0.010074833407998085, 0.0156985092908144, -0.006216628476977348, -0.0005929527105763555
Nachos Vaqueros.csv, NaN, NaN, NaN, NaN, NaN, NaN, NaN, NaN
Negra Modelo.csv, -0.11190050671182661, -0.5699907541275024, 1.0272979736328125, 1.3079293966293335, 1.5885608196258545, 1.869192123413086, 0.8331663608551025, 1.113797664642334
Nopal a la plancha.csv, -0.02040808134306049, 0, 0, 0, 0, 0, 0, 0
O'douls.csv, -Infinity, -0.03433500602841377, -0.0011725184740498662, 0.00445115752518177, 0.010074833407998085, 0.0156985092908144, -0.006216628476977348, -0.0005929527105763555
Old Fashioned.csv, -Infinity, -0.10431746393442154, -0.04856663942337036, -0.03552383556962013, -0.022481035441160202, -0.009438232518732548, -0.03910344839096069, -0.026060644537210464
Omelette Mexicano.csv, 0.040436575451665346, 0.237383633852005, 0.07312674075365067, 0.07768107205629349, 0.08223540335893631, 0.08678973466157913, 0.2601552903652191, 0.26470962166786194
One shrimp mojo de ajo.csv, -0.02040808134306049, 0, 0, 0, 0, 0, 0, 0
Pacifico.csv, 0.06017808499862065, 0.16820912063121796, 0.49175357818603516, 0.6452434659004211, 0.7987333536148071, 0.9522232413291931, 0.9356586337089539, 1.0891484022140503
Paloma Cazadores.csv, -Infinity, -0.21725386381149292, -0.01940888538956642, 0.0064247287809848785, 0.03225833550095558, 0.05809193477034569, -0.08808581531047821, -0.062252227216959
Paloma Don Julio a√±ejo.csv, -Infinity, 0.008515583351254463, 0.05267775431275368, 0.059069644659757614, 0.06546153128147125, 0.07185342907905579, 0.040475040674209595, 0.046866923570632935
Paloma drink.csv, -0.020408019280761858, 0, 0, 0, 0, 0, 0, 0
Paloma tequila patron.csv, -Infinity, 0.008515583351254463, 0.05267775431275368, 0.059069644659757614, 0.06546153128147125, 0.07185342907905579, 0.040475040674209595, 0.046866923570632935
Pancakes.csv, -Infinity, -0.06749585270881653, -0.0061790430918335915, 0.009357389993965626, 0.024893824011087418, 0.040430255234241486, 0.010186315514147282, 0.025722742080688477
Parrilla Para Dos.csv, -0.008221318854032988, 0.5600029826164246, 0.09527701139450073, 0.17583982646465302, 0.2564026117324829, 0.3369653820991516, 0.9628168344497681, 1.043379545211792
Patron.csv, -0.046415748666717827, 0.5198007225990295, 0.34866058826446533, 0.33791592717170715, 0.3271712362766266, 0.3164265751838684, 0.4660773277282715, 0.4553326368331909
Pina Colada.csv, NaN, NaN, NaN, NaN, NaN, NaN, NaN, NaN
Pozole.csv, 0.061202898587374266, 0.21882198750972748, 0.006502971053123474, 0.11778734624385834, 0.22907178103923798, 0.34035617113113403, 0.7752439379692078, 0.8865283131599426
Queso Fundido.csv, NaN, NaN, NaN, NaN, NaN, NaN, NaN, NaN
REDBULL.csv, -Infinity, -0.0833062157034874, -0.022702734917402267, -0.007680567447096109, 0.0073415981605648994, 0.02236376330256462, -0.008195392787456512, 0.00682677049189806
Red Bull.csv, 0.0824986555505236, 0.07167299836874008, 0.01000298373401165, 0.016420580446720123, 0.02283817157149315, 0.02925577014684677, 0.1037609800696373, 0.11017856746912003
S Beef Willington.csv, 0.06360702415788277, -0.04679226130247116, 0.012965792790055275, 0.027070755138993263, 0.0411757156252861, 0.05528067797422409, 0.023732556030154228, 0.03783751279115677
S Camarones Margaritas.csv, 0.002162676382195805, -0.02668733149766922, 0.016497744247317314, 0.022623585537075996, 0.02874942682683468, 0.03487526625394821, 0.003941874951124191, 0.010067712515592575
S Carrot Cake.csv, -0.21125245519403935, 0.3240358233451843, 0.1155269667506218, 0.11752212792634964, 0.11951728910207748, 0.12151243537664413, 0.33401161432266235, 0.3360067903995514
S Chicken Florentine .csv, 0.09233330775449311, 0.2640126049518585, 0.09128029644489288, 0.13079513609409332, 0.17030999064445496, 0.209824800491333, 0.46158677339553833, 0.5011016130447388
S Chile en Nogada.csv, -3.114238739573522, 0.16621330380439758, 0.245050311088562, 0.31476742029190063, 0.38448452949523926, 0.4542016386985779, 0.5147987604141235, 0.5845158696174622
S Filet Mignon.csv, 0.005600570122642035, 0.15781310200691223, 0.0368046835064888, 0.052735522389411926, 0.06866636127233505, 0.08459720015525818, 0.23746728897094727, 0.2533981204032898
S Meat Lasagna .csv, -0.04270897493217385, 0.043894775211811066, 0.008809003978967667, 0.02394810877740383, 0.039087213575839996, 0.05422631651163101, 0.11959030479192734, 0.13472943007946014
S Pumpkin Cheesecake.csv, 0.06270959211700078, -0.22151398658752441, 0.09777452051639557, 0.15706679224967957, 0.21635906398296356, 0.27565130591392517, 0.07494737952947617, 0.13423964381217957
S Shrimp Enchiladas.csv, -0.29124326613142926, 0.363917738199234, 0.029624007642269135, 0.006874263286590576, -0.015875473618507385, -0.038625217974185944, 0.2501690685749054, 0.22741931676864624
S Shrimp Margarita.csv, -0.07741016949481017, 0.8564772009849548, 0.20878039300441742, 0.2186085432767868, 0.2284366935491562, 0.23826484382152557, 0.9056180119514465, 0.9154461026191711
S Sweet and Sour Shrimp.csv, -0.02040808134306049, 0, 0, 0, 0, 0, 0, 0
S Tiramisu.csv, 0.014330380581449087, 0.15119682252407074, 0.020134836435317993, 0.004471208900213242, -0.011192422360181808, -0.02685605362057686, 0.07287868857383728, 0.05721506476402283
S Top Sirloin Steak.csv, -Infinity, 0.03186704218387604, -0.059790052473545074, -0.030014125630259514, -0.00023819878697395325, 0.02953772246837616, 0.1807466596364975, 0.2105225920677185
S Wellington Beef.csv, -0.02040808134306049, 0, 0, 0, 0, 0, 0, 0
SHRIMP QUESADILLA TO GO.csv, -Infinity, 0.0027652308344841003, 0.006478806957602501, 0.003870749846100807, 0.001262693665921688, -0.0013453643769025803, -0.010275058448314667, -0.01288311555981636
SIDE CHICKEN.csv, -0.02040808134306049, 0, 0, 0, 0, 0, 0, 0
SPECIAL LASAGNA.csv, -Infinity, -0.05581473559141159, -0.016924738883972168, -0.011212523095309734, -0.005500308237969875, 0.0002119084820151329, -0.0272536538541317, -0.02154143899679184
SPECIAL.csv, NaN, NaN, NaN, NaN, NaN, NaN, NaN, NaN
Salsa.csv, -0.020791862239323278, 0.048490557819604874, 0.035512734204530716, 0.03600873053073883, 0.036504726856946945, 0.03700071945786476, 0.05097053572535515, 0.05146653205156326
Scrambled Eggs with Ham.csv, -Infinity, -0.05032943934202194, 0.00572844035923481, 0.02001907490193844, 0.03430970758199692, 0.04860033839941025, 0.021123738959431648, 0.03541436791419983
Shirley Temple.csv, -Infinity, -0.024698300287127495, -0.0026800367049872875, -0.001198477577418089, 0.0002830815501511097, 0.0017646406777203083, -0.017290504649281502, -0.015808945521712303
Shred Beef Burrito.csv, -0.18665767263936583, 0.3334890305995941, 0.23650851845741272, 0.4188481867313385, 0.6011878252029419, 0.7835274934768677, 1.2451874017715454, 1.4275269508361816
Shred Chicken Burrito.csv, 0.0032968446353173197, 0.42733415961265564, 0.1674034297466278, 0.1493140161037445, 0.13122457265853882, 0.11313515901565552, 0.33688703179359436, 0.31879758834838867
Shredded Chicken Burrito.csv, -0.020408019280761858, 0, 0, 0, 0, 0, 0, 0
Shrimp Burrito.csv, 0.0391707861102879, 0.47465869784355164, 0.10052100569009781, 0.18941013514995575, 0.2782992422580719, 0.36718836426734924, 0.919104278087616, 1.0079933404922485
Shrimp Caesar Salad.csv, -0.10663671542216924, -0.056859176605939865, 0.13535700738430023, 0.16178154945373535, 0.18820607662200928, 0.2146306186914444, 0.07526348531246185, 0.10168801248073578
Shrimp Enchilada Plate.csv, -0.02313323802491629, 0.14348745346069336, 0.312461256980896, 0.3357211649417877, 0.35898107290267944, 0.38224098086357117, 0.2597869634628296, 0.2830468714237213
Shrimp Enchiladas.csv, NaN, NaN, NaN, NaN, NaN, NaN, NaN, NaN
Shrimp Fajitas.csv, 0.02250275197979157, -0.19673746824264526, 0.1696978509426117, 0.2558206617832184, 0.3419434726238251, 0.42806628346443176, 0.23387658596038818, 0.3199993669986725
Shrimp a la Carte.csv, -0.020408143405366452, 0, 0, 0, 0, 0, 0, 0
Shrimp a la cart Costa Azul (1).csv, -0.05873261047730116, 0.37817323207855225, 0.20122459530830383, 0.1812458336353302, 0.16126707196235657, 0.14128831028938293, 0.2782794237136841, 0.25830066204071045
Side Avocado.csv, -0.05475205280822437, -0.1488797962665558, -0.02874688059091568, 0.01930130273103714, 0.06734948605298996, 0.11539767682552338, 0.0913611575961113, 0.13940931856632233
Side Bacon.csv, -0.10746783493382939, 0.08039713650941849, 0.043022699654102325, 0.044121623039245605, 0.045220546424388885, 0.046319473534822464, 0.08589175343513489, 0.08699068427085876
Side Beans.csv, -0.0977755332004322, 0.9774491190910339, 1.0992743968963623, 1.080662727355957, 1.0620509386062622, 1.043439269065857, 0.8843905329704285, 0.8657788038253784
Side Cheese.csv, -0.033603820146681285, 0.016092997044324875, 0.15784314274787903, 0.17634394764900208, 0.1948447823524475, 0.21334558725357056, 0.1085970401763916, 0.12709784507751465
Side Chile Toreado.csv, -0.14693044739784145, 0.043380141258239746, 0.24238321185112, 0.2524814307689667, 0.26257967948913574, 0.2726778984069824, 0.0938713401556015, 0.10396958887577057
Side Chips.csv, -0.00980197414800732, 0.05503144487738609, 0.0783001184463501, 0.10466624796390533, 0.13103240728378296, 0.1573985368013382, 0.18686217069625854, 0.21322831511497498
Side Chopped Onions.csv, 0.011605941312812007, -0.0899740681052208, -0.0019858339801430702, 0.0005934080109000206, 0.0031726425513625145, 0.005751884542405605, -0.07707788050174713, -0.07449863851070404
Side Chopped cilantro.csv, -0.02040808134306049, 0, 0, 0, 0, 0, 0, 0
Side Corn Tortillas.csv, -0.011596902043221613, 0.10924236476421356, 0.1815623939037323, 0.21814705431461334, 0.2547317147254944, 0.2913163900375366, 0.29216572642326355, 0.3287504017353058
Side Flour Tortillas.csv, -0.1686553955078125, 0.7777031660079956, 0.3823266625404358, 0.4078485071659088, 0.4333703815937042, 0.45889225602149963, 0.9053125381469727, 0.9308344125747681
Side French Fries.csv, -0.0658885553256725, 0.7673068046569824, 0.6129360198974609, 0.6059372425079346, 0.5989384651184082, 0.5919396877288818, 0.732312798500061, 0.7253140211105347
Side Guacamole.csv, 0.03991081776759231, 1.5179401636123657, 1.492021083831787, 1.4150617122650146, 1.3381023406982422, 1.2611428499221802, 1.1331431865692139, 1.0561836957931519
Side House Salsa.csv, -0.08186392894282668, -0.04938977584242821, 0.042229898273944855, 0.07197137176990509, 0.10171284526586533, 0.13145430386066437, 0.09931758791208267, 0.1290590465068817
Side Limes.csv, -Infinity, -0.0003526646178215742, 0.01972433738410473, 0.02136181853711605, 0.02299930341541767, 0.024636784568428993, 0.007834750227630138, 0.00947223324328661
Side Macaroni.csv, -0.052591814960506245, 0.08552947640419006, 0.07639241218566895, 0.06268764287233353, 0.048982858657836914, 0.035278089344501495, 0.01700560376048088, 0.003300832584500313
Side Pico de Gallo.csv, -0.8548277692043844, 0.16210727393627167, 0.19782625138759613, 0.1650056540966034, 0.13218505680561066, 0.09936445951461792, -0.001995731145143509, -0.03481632098555565
Side Rice.csv, -0.31465075930384323, 0.7343656420707703, 0.6712514758110046, 0.7148721814155579, 0.7584930062294006, 0.8021137118339539, 0.9524693489074707, 0.9960901141166687
Side Shrimp 3 shrimp=16&20.csv, -0.04836069186444747, 0.2593967020511627, 0.0005347244441509247, 0.014478657394647598, 0.02842259779572487, 0.04236653819680214, 0.3291164040565491, 0.34306034445762634
Side Shrimp Add.csv, 0.012558493482283328, 0.26911377906799316, 0.2673199474811554, 0.23742079734802246, 0.20752163231372833, 0.1776224672794342, 0.11961802840232849, 0.08971887826919556
Side Shrimp.csv, -0.02793257274147143, -0.035501040518283844, 0.07155552506446838, 0.10294771194458008, 0.13433989882469177, 0.16573208570480347, 0.12145985662937164, 0.15285205841064453
Side Spicy Salsa.csv, -0.04428087587593632, 0.23468263447284698, 0.10636354982852936, 0.07399305701255798, 0.04162256792187691, 0.009252074174582958, 0.07283013314008713, 0.04045965149998665
Side shredded chicken.csv, -Infinity, 0.05632133409380913, -0.03205452486872673, -0.032309550791978836, -0.03256457298994064, -0.03281959891319275, 0.055046211928129196, 0.05479118600487709
Sierra Nevada.csv, -0.11431154238379504, 0.0873616635799408, -0.01742907613515854, -0.01597076654434204, -0.014512456022202969, -0.013054145500063896, 0.09465320408344269, 0.09611152112483978
Skiny Margarita.csv, 0.08983203291830255, 0.20613080263137817, 0.023922953754663467, 0.024361591786146164, 0.02480022981762886, 0.025238871574401855, 0.20832401514053345, 0.20876264572143555
Sky.csv, -0.09945672241210501, 0.1840386539697647, -0.00778399221599102, -0.00811821036040783, -0.008452428504824638, -0.008786644786596298, 0.18236756324768066, 0.18203334510326385
Small Alb. Soup.csv, 0.02579192331417335, -0.0775095745921135, -0.007563963532447815, 0.03568429499864578, 0.07893262058496475, 0.12218088656663895, 0.13873183727264404, 0.18198007345199585
Smoothie.csv, -0.06086583052820704, -0.1335086226463318, -0.042246852070093155, -0.006395948119461536, 0.02945496141910553, 0.06530585885047913, 0.04574589431285858, 0.08159677684307098
Soft Drink.csv, 0.3461119439722026, 11.298789978027344, 6.511578559875488, 8.418362617492676, 10.32514476776123, 12.231926918029785, 20.83270263671875, 22.739482879638672
Sour Cream.csv, 0.06280990238369577, 0.9264000058174133, 0.7115440964698792, 0.8065050840377808, 0.9014661312103271, 0.9964271783828735, 1.401205062866211, 1.4961662292480469
Special Large Chile Relleno.csv, -0.02040808134306049, 0, 0, 0, 0, 0, 0, 0
Special Large Chile.csv, NaN, NaN, NaN, NaN, NaN, NaN, NaN, NaN
Special NY Cheesecake.csv, -Infinity, 0.054407648742198944, -0.0823841542005539, -0.07655589282512665, -0.0707276314496994, -0.06489937007427216, 0.08354895561933517, 0.08937721699476242
Spicy Bloody Mary.csv, -0.8634714445743177, 0.02554677426815033, 0.15803325176239014, 0.17720893025398254, 0.19638460874557495, 0.21556028723716736, 0.12142513692378998, 0.1406008005142212
Steak Tampiqueno.csv, 0.06204796375343702, 0.7132506370544434, 0.40478515625, 0.410126268863678, 0.41546738147735596, 0.42080849409103394, 0.739956259727478, 0.745297372341156
Stella.csv, -0.010515918135518554, 0.17665743827819824, 0.08471199125051498, 0.1149582713842392, 0.145204558968544, 0.17545083165168762, 0.3278888463973999, 0.3581351339817047
Strawberry Daiquiri.csv, -0.020408019280761858, 0, 0, 0, 0, 0, 0, 0
Stuffed chicken.csv, -Infinity, -0.0003526646178215742, 0.01972433738410473, 0.02136181853711605, 0.02299930341541767, 0.024636784568428993, 0.007834750227630138, 0.00947223324328661
Sunday Brunch (Adult).csv, 0.4623293842779266, -37.413394927978516, -4.772686004638672, 3.072481870651245, 10.91765022277832, 18.762815475463867, 1.8124444484710693, 9.657609939575195
Sunday Brunch (Kids).csv, 0.39761449829975193, -6.517569065093994, -0.6973814964294434, 0.6985538005828857, 2.094489097595215, 3.490424156188965, 0.46210646629333496, 1.858041524887085
Sweet Bread a la cart.csv, -0.07791573278461383, 0.052636951208114624, 0.024721581488847733, 0.014163874089717865, 0.003606170415878296, -0.006951534189283848, -0.00015157926827669144, -0.010709281079471111
Taco A La Carte.csv, 0.10524328634977353, 3.753972053527832, 2.803403854370117, 2.9126765727996826, 3.021949291229248, 3.1312220096588135, 4.300335884094238, 4.409608364105225
Taco Salad.csv, 0.04574450152749432, -0.06859436631202698, 0.11697546392679214, 0.22824127972126007, 0.339507132768631, 0.4507729709148407, 0.4877348244190216, 0.5990005731582642
Taco Tuesday.csv, -0.134480823821431, 7.567434310913086, 6.59162712097168, 5.100330829620361, 3.609034538269043, 2.1177382469177246, 0.11095187067985535, -1.3803441524505615
Taquito A La Carte.csv, -0.01439539534403389, 1.1177775859832764, 0.6584982872009277, 0.6724741458892822, 0.6864500045776367, 0.7004257440567017, 1.1876567602157593, 1.2016324996948242
Tea.csv, NaN, NaN, NaN, NaN, NaN, NaN, NaN, NaN
Tecate.csv, -Infinity, 0.13325484097003937, 0.06413581967353821, 0.07023534178733826, 0.0763348788022995, 0.08243440091609955, 0.1637524664402008, 0.16985198855400085
Tequila Shrimp Fettuccini.csv, -0.04216145414627892, -0.149549663066864, 0.05623389780521393, 0.1202135682106018, 0.18419323861598969, 0.24817287921905518, 0.17034868896007538, 0.23432832956314087
The Classic Enchiladas.csv, -0.02912901589144279, -0.03255217522382736, 0.5618022680282593, 0.5897904634475708, 0.6177785992622375, 0.6457667350769043, 0.10738855600357056, 0.13537675142288208
The Great Panino.csv, -0.11594530414095083, -0.045150794088840485, 0.34034115076065063, 0.36709755659103394, 0.393854022026062, 0.4206104874610901, 0.08863141387701035, 0.11538784950971603
The Green Burrito.csv, -0.011663091762585731, -0.011001506820321083, 0.1962389200925827, 0.2040606141090393, 0.21188229322433472, 0.21970398724079132, 0.028106918558478355, 0.03592861443758011
The Healthy Choice.csv, -0.14138144926942897, 0.15916597843170166, 0.0912826880812645, 0.0992908701300621, 0.10729905217885971, 0.11530723422765732, 0.1992068886756897, 0.2072150707244873
Tito's Vodka.csv, -0.02040808134306049, 0, 0, 0, 0, 0, 0, 0
Tito's.csv, NaN, NaN, NaN, NaN, NaN, NaN, NaN, NaN
Titos.csv, -0.06382981241783758, 0, 0, 0, 0, 0, 0, 0
Tostada De Ceviche.csv, -0.11348981636380873, -0.17332936823368073, 0.47076043486595154, 0.6198169589042664, 0.7688735723495483, 0.9179301261901855, 0.5719536542892456, 0.7210103273391724
Tostadas Mixtas.csv, NaN, NaN, NaN, NaN, NaN, NaN, NaN, NaN
Tres Generaciones.csv, -0.020373316650071693, -0.1682591289281845, 0.014975514262914658, 0.0366215817630291, 0.05826764181256294, 0.07991370558738708, -0.0600288100540638, -0.03838275745511055
Tropical Tostada.csv, -0.04111606286927372, -0.08712855726480484, 0.031118299812078476, 0.0697806254029274, 0.10844294726848602, 0.14710526168346405, 0.1061830222606659, 0.14484533667564392
V Cupids Arrow.csv, -Infinity, -0.004130899906158447, 0.020854100584983826, 0.02233198657631874, 0.023809870705008507, 0.025287756696343422, 0.00325852632522583, 0.004736410453915596
V Filet Mignon.csv, 0.00653380934911052, -0.08639052510261536, -0.03309585899114609, -0.007370768114924431, 0.018354328349232674, 0.04407942295074463, 0.042234957218170166, 0.06796004623174667
V Guard.csv, -Infinity, -0.0003526646178215742, 0.01972433738410473, 0.02136181853711605, 0.02299930341541767, 0.024636784568428993, 0.007834750227630138, 0.00947223324328661
V Kiss me.csv, -Infinity, -0.0007053292356431484, 0.03944867476820946, 0.0427236370742321, 0.04599860683083534, 0.049273569136857986, 0.015669500455260277, 0.01894446648657322
V Lady in Red.csv, -0.020408088238871747, 0, 0, 0, 0, 0, 0, 0
V Love Potion.csv, -0.02040808134306049, 0, 0, 0, 0, 0, 0, 0
V Passion Cocktail.csv, -0.02040815353798875, 0, 0, 0, 0, 0, 0, 0
V Poison Apple Martini.csv, -0.02735397925877514, -0.0003526646178215742, 0.01972433738410473, 0.02136181853711605, 0.02299930341541767, 0.024636784568428993, 0.007834750227630138, 0.00947223324328661
V Royal Kiss.csv, -0.02040808134306049, 0, 0, 0, 0, 0, 0, 0
V Stuffed Chicken.csv, -0.02040808134306049, 0, 0, 0, 0, 0, 0, 0
V Take me home.csv, -0.0007319206506539722, -0.0003526646178215742, 0.01972433738410473, 0.02136181853711605, 0.02299930341541767, 0.024636784568428993, 0.007834750227630138, 0.00947223324328661
V White Chocolate.csv, -0.02040808134306049, 0, 0, 0, 0, 0, 0, 0
Valentines Day 3-Course Menu.csv, -0.020408088238871747, 0, 0, 0, 0, 0, 0, 0
Virgin Margarita.csv, -0.020408019280761858, 0, 0, 0, 0, 0, 0, 0
Virgin Pina Colada.csv, -0.02040808134306049, 0, 0, 0, 0, 0, 0, 0
Virgin mojito.csv, -0.020408019280761858, 0, 0, 0, 0, 0, 0, 0
Vodka Martini.csv, -0.02040808134306049, 0, 0, 0, 0, 0, 0, 0
Vodka and Red Bull.csv, -Infinity, 0.36330920457839966, 0.26109400391578674, 0.20977622270584106, 0.15845847129821777, 0.1071406826376915, 0.10672035068273544, 0.055402595549821854
WET RED SAUCE.csv, -Infinity, 0.06609071791172028, -0.03506918251514435, -0.03507009893655777, -0.03507101908326149, -0.03507193922996521, 0.06608612090349197, 0.06608520448207855
Water.csv, NaN, NaN, NaN, NaN, NaN, NaN, NaN, NaN
Well Vodka.csv, -Infinity, -0.035919252783060074, -0.08505900204181671, -0.12398280203342438, -0.16290658712387085, -0.20183037221431732, -0.23053821921348572, -0.2694620192050934
White Russian Peppermint.csv, -Infinity, 0.02172294445335865, -0.010664412751793861, -0.021106379106640816, -0.03154834359884262, -0.041990309953689575, -0.03048688918352127, -0.040928855538368225
White Russian.csv, NaN, NaN, NaN, NaN, NaN, NaN, NaN, NaN
White Zinfandel.csv, -0.05809602407232828, 0.2114705592393875, 0.13015246391296387, 0.10556978732347488, 0.0809871032834053, 0.05640442669391632, 0.08855714648962021, 0.06397446244955063
albondiga.csv, -Infinity, 0.04081084579229355, 0.040141697973012924, 0.03918538987636566, 0.0382290780544281, 0.03727276995778084, 0.03602929413318634, 0.035072989761829376
albondigas small.csv, -Infinity, 0.11520639806985855, 0.027500255033373833, 0.029455123469233513, 0.031409990042448044, 0.033364858478307724, 0.12498074024915695, 0.12693561613559723
albondigas.csv, -0.015006379520722701, 0.010182754136621952, 0.010285240598022938, 0.014477057382464409, 0.018668873235583305, 0.022860689088702202, 0.03114183433353901, 0.035333648324012756
arroz.csv, NaN, NaN, NaN, NaN, NaN, NaN, NaN, NaN
azada.csv, -Infinity, -0.040502700954675674, -0.014070244506001472, -0.008601948618888855, -0.003133653663098812, 0.0023346422240138054, -0.013161220587790012, -0.007692924700677395
bean dip no cebolla.csv, -0.020408143405366452, 0, 0, 0, 0, 0, 0, 0
bean dip.csv, -0.3288047998521806, 0.15810994803905487, -0.038961175829172134, -0.03912919759750366, -0.03929722309112549, -0.039465248584747314, 0.15726982057094574, 0.1571017950773239
blue muun.csv, -Infinity, 0.052636951208114624, 0.024721581488847733, 0.014163874089717865, 0.003606170415878296, -0.006951534189283848, -0.00015157926827669144, -0.010709281079471111
bucket beer.csv, -0.020408019280761858, 0, 0, 0, 0, 0, 0, 0
caldo de res kids.csv, -0.020408019280761858, 0, 0, 0, 0, 0, 0, 0
carne asada quesadilla.csv, -0.020408019280761858, 0, 0, 0, 0, 0, 0, 0
carne extra para los nachos.csv, -Infinity, 0.11520639806985855, 0.027500255033373833, 0.029455123469233513, 0.031409990042448044, 0.033364858478307724, 0.12498074024915695, 0.12693561613559723
cash.csv, -0.02040808134306049, 0, 0, 0, 0, 0, 0, 0
champurrado.csv, -Infinity, -0.2499186396598816, -0.0681082084774971, -0.023041710257530212, 0.02202478051185608, 0.06709127128124237, -0.02458616904914379, 0.02048031985759735
change.csv, -0.020408019280761858, 0, 0, 0, 0, 0, 0, 0
chardonnay.csv, -1.2444342130021404, 0.5253282189369202, 0.06424939632415771, 0.094988614320755, 0.1257278472185135, 0.15646709501743317, 0.679024338722229, 0.7097635865211487
cheese cake.csv, -Infinity, -0.0731293112039566, -0.019640032202005386, -0.004879463464021683, 0.009881105273962021, 0.024641674011945724, 0.000673539936542511, 0.015434104949235916
chilaquiles Verde's con polio azado.csv, -Infinity, 0.00034962594509124756, 0.0021767504513263702, -0.004351330921053886, -0.010879408568143845, -0.0174074899405241, -0.032290779054164886, -0.038818858563899994
chips.csv, -Infinity, 0.06079357489943504, 0.03774183243513107, 0.026118120178580284, 0.014494409784674644, 0.0028706970624625683, 0.002675010357052088, -0.00894870050251484
cobble shot jimador.csv, -Infinity, 0.031046651303768158, 0.04229022189974785, 0.03599241003394127, 0.02969460003077984, 0.023396790027618408, -0.00044240429997444153, -0.006740212440490723
dos huevos mediano.csv, -0.02040808134306049, 0, 0, 0, 0, 0, 0, 0
extra egg.csv, -Infinity, 0.11520639806985855, 0.027500255033373833, 0.029455123469233513, 0.031409990042448044, 0.033364858478307724, 0.12498074024915695, 0.12693561613559723
extra srimp.csv, -Infinity, 0.11401689052581787, 0.028000125661492348, 0.028438283130526543, 0.028876440599560738, 0.029314599931240082, 0.11620768159627914, 0.11664583534002304
frijol y queso burrito de nino.csv, -0.02040808134306049, 0, 0, 0, 0, 0, 0, 0
frijoles 32oz.csv, -Infinity, -0.005207498092204332, 0.028666481375694275, 0.03445729985833168, 0.04024811461567879, 0.04603893682360649, 0.023746592923998833, 0.02953740768134594
frijoles refritos.csv, NaN, NaN, NaN, NaN, NaN, NaN, NaN, NaN
fruit bowl.csv, -0.02040808134306049, 0, 0, 0, 0, 0, 0, 0
full guacamole.csv, -Infinity, -0.015622500330209732, 0.08599944412708282, 0.10337189584970474, 0.12074434757232666, 0.13811679184436798, 0.07123975455760956, 0.08861220628023148
grand marnier.csv, NaN, 0, 0, 0, 0, 0, 0, 0
grand marquete.csv, NaN, 0, 0, 0, 0, 0, 0, 0
guac happy hour.csv, -Infinity, 0.03833593428134918, 0.04686795175075531, 0.040890589356422424, 0.03491322323679924, 0.028935858979821205, 0.008449111133813858, 0.002471745014190674
happy hour margarita.csv, -Infinity, -0.032135557383298874, 0.04634784534573555, 0.05821773782372475, 0.07008762657642365, 0.08195751905441284, 0.02721390128135681, 0.03908378630876541
house wsky.csv, -Infinity, 0.06079357489943504, 0.03774183243513107, 0.026118120178580284, 0.014494409784674644, 0.0028706970624625683, 0.002675010357052088, -0.00894870050251484
iresh cream.csv, -Infinity, 0.032132502645254135, 0.019861217588186264, 0.008918052539229393, -0.0020251162350177765, -0.012968283146619797, -0.022583337500691414, -0.03352651000022888
kids Caldo de res.csv, -0.020408019280761858, 0, 0, 0, 0, 0, 0, 0
kids drink.csv, NaN, NaN, NaN, NaN, NaN, NaN, NaN, NaN
kids drinks.csv, -Infinity, 0.017031166702508926, 0.10535550862550735, 0.11813928931951523, 0.1309230625629425, 0.14370685815811157, 0.08095008134841919, 0.09373384714126587
large margarita.csv, -Infinity, 0.09313984215259552, 0.12687060236930847, 0.10797718912363052, 0.08908376097679138, 0.07019034028053284, -0.0013272613286972046, -0.02022068202495575
macaroni.csv, -Infinity, 0.03833593428134918, 0.04686795175075531, 0.040890589356422424, 0.03491322323679924, 0.028935858979821205, 0.008449111133813858, 0.002471745014190674
mango Cadillac margarita.csv, -0.020408019280761858, 0, 0, 0, 0, 0, 0, 0
pink mosccato.csv, -0.020408143405366452, 0, 0, 0, 0, 0, 0, 0
pi√±a colada.csv, -Infinity, 0.006390261463820934, 0.07804553955793381, 0.08358877152204514, 0.08913200348615646, 0.0946752279996872, 0.03410639986395836, 0.03964962810277939
pi√±a colafa.csv, -Infinity, 0.0024976118002086878, 0.025234881788492203, 0.026988938450813293, 0.028742993250489235, 0.030497049912810326, 0.0112678911536932, 0.01302194595336914
posole.csv, -Infinity, 0.02172294445335865, -0.010664412751793861, -0.021106379106640816, -0.03154834359884262, -0.041990309953689575, -0.03048688918352127, -0.040928855538368225
sandwich cubano.csv, -Infinity, -0.050843529403209686, 0.024992002174258232, 0.04045165330171585, 0.05591131001710892, 0.07137095928192139, 0.026454728096723557, 0.041914377361536026
screwdriver.csv, -Infinity, -0.06867001205682755, -0.0023450369480997324, 0.00890231505036354, 0.02014966681599617, 0.0313970185816288, -0.012433256953954697, -0.001185905421152711
skinny margaritas.csv, -0.020408019280761858, 0, 0, 0, 0, 0, 0, 0
small albondigas.csv, -Infinity, -0.0833062157034874, -0.022702734917402267, -0.007680567447096109, 0.0073415981605648994, 0.02236376330256462, -0.008195392787456512, 0.00682677049189806
steack silion.csv, -Infinity, 0.16871483623981476, 0.010235350579023361, 0.011875059455633163, 0.013514768332242966, 0.015154477208852768, 0.17691338062286377, 0.17855308949947357
strawberry margarita.csv, -Infinity, 0.044164933264255524, 0.06271066516637802, 0.060755468904972076, 0.058800265192985535, 0.05684506893157959, 0.03438892960548401, 0.032433729618787766
taquiza.csv, -Infinity, 0.00034962594509124756, 0.0021767504513263702, -0.004351330921053886, -0.010879408568143845, -0.0174074899405241, -0.032290779054164886, -0.038818858563899994
tasting.csv, -0.020408143405366452, 0, 0, 0, 0, 0, 0, 0
un huevo mediano.csv, -Infinity, -0.040502700954675674, -0.014070244506001472, -0.008601948618888855, -0.003133653663098812, 0.0023346422240138054, -0.013161220587790012, -0.007692924700677395
veggie burrito.csv, -0.020408019280761858, 0, 0, 0, 0, 0, 0, 0
vodka.csv, -Infinity, -0.008261799812316895, 0.04170820116996765, 0.04466397315263748, 0.047619741410017014, 0.050575513392686844, 0.00651705265045166, 0.009472820907831192
